,Name,Team,MP,FG,FGA,FG%,3P,3PA,3P%,FT,FTA,FT%,ORB,DRB,TRB,AST,STL,BLK,TOV,PF,PTS,+/-,Date,Games,GS
0,Donovan Mitchell,UTA,32:24,11.0,21.0,0.524,3.0,6.0,0.5,0.0,0.0,0.0,0.0,2.0,2.0,4.0,1.0,0.0,2.0,2.0,25.0,-9.0,2/1/20,1,16.299999999999997
1,Rudy Gobert,UTA,32:04,1.0,4.0,0.25,0.0,0.0,0.0,4.0,4.0,1.0,4.0,7.0,11.0,2.0,1.0,3.0,1.0,4.0,6.0,-14.0,2/1/20,1,10.4
2,Mike Conley,UTA,30:01,9.0,20.0,0.45,4.0,6.0,0.667,0.0,0.0,0.0,1.0,3.0,4.0,4.0,0.0,0.0,1.0,0.0,22.0,-4.0,2/1/20,1,15.0
3,Bojan Bogdanović,UTA,28:57,6.0,11.0,0.545,5.0,9.0,0.556,5.0,5.0,1.0,1.0,1.0,2.0,1.0,1.0,0.0,1.0,3.0,22.0,-10.0,2/1/20,1,17.2
4,Joe Ingles,UTA,28:02,1.0,2.0,0.5,1.0,2.0,0.5,0.0,0.0,0.0,0.0,1.0,1.0,5.0,1.0,0.0,1.0,2.0,3.0,-6.0,2/1/20,1,5.0
5,Royce O'Neale,UTA,23:28,1.0,6.0,0.167,1.0,4.0,0.25,0.0,0.0,0.0,0.0,6.0,6.0,1.0,2.0,1.0,1.0,2.0,3.0,-27.0,2/1/20,1,2.6000000000000005
6,Jordan Clarkson,UTA,22:41,4.0,14.0,0.286,4.0,8.0,0.5,0.0,0.0,0.0,0.0,1.0,1.0,0.0,0.0,0.0,1.0,1.0,12.0,-20.0,2/1/20,1,2.7000000000000006
7,Georges Niang,UTA,18:30,3.0,10.0,0.3,0.0,5.0,0.0,0.0,0.0,0.0,1.0,2.0,3.0,1.0,0.0,0.0,0.0,2.0,6.0,-4.0,2/1/20,1,1.4000000000000001
8,Ed Davis,UTA,13:17,2.0,2.0,1.0,0.0,0.0,0.0,0.0,0.0,0.0,3.0,1.0,4.0,0.0,0.0,0.0,0.0,0.0,4.0,-7.0,2/1/20,1,5.8
9,Juwan Morgan,UTA,2:39,1.0,1.0,1.0,0.0,0.0,0.0,0.0,0.0,0.0,1.0,0.0,1.0,0.0,0.0,0.0,0.0,0.0,2.0,4.0,2/1/20,1,2.4
10,Rayjon Tucker,UTA,2:39,1.0,1.0,1.0,0.0,0.0,0.0,0.0,0.0,0.0,0.0,1.0,1.0,0.0,0.0,0.0,0.0,1.0,2.0,4.0,2/1/20,1,1.6
11,Jarrell Brantley,UTA,2:39,0.0,0.0,0.0,0.0,0.0,0.0,0.0,0.0,0.0,0.0,1.0,1.0,0.0,0.0,0.0,0.0,0.0,0.0,4.0,2/1/20,1,0.3
12,Emmanuel Mudiay,UTA,2:39,0.0,2.0,0.0,0.0,1.0,0.0,0.0,0.0,0.0,0.0,0.0,0.0,1.0,0.0,0.0,1.0,0.0,0.0,4.0,2/1/20,1,-1.7
14,Ben Simmons,PHI,39:06,8.0,13.0,0.615,0.0,0.0,0.0,2.0,4.0,0.5,3.0,6.0,9.0,10.0,5.0,1.0,1.0,1.0,18.0,19.0,11/15/17,1,26.5
15,J.J. Redick,PHI,34:53,4.0,15.0,0.267,0.0,8.0,0.0,3.0,4.0,0.75,0.0,8.0,8.0,5.0,1.0,0.0,2.0,4.0,11.0,3.0,11/15/17,1,5.0
16,Joel Embiid,PHI,34:29,14.0,20.0,0.7,2.0,3.0,0.667,16.0,19.0,0.842,2.0,13.0,15.0,7.0,0.0,7.0,2.0,4.0,46.0,19.0,11/15/17,1,47.89999999999999
17,Dario Šarić,PHI,33:20,3.0,10.0,0.3,1.0,7.0,0.143,0.0,0.0,0.0,1.0,5.0,6.0,0.0,0.0,3.0,0.0,1.0,7.0,1.0,11/15/17,1,5.099999999999999
18,Robert Covington,PHI,29:45,5.0,9.0,0.556,2.0,5.0,0.4,0.0,0.0,0.0,0.0,6.0,6.0,1.0,0.0,1.0,2.0,4.0,12.0,16.0,11/15/17,1,7.299999999999999
19,Timothé Luwawu-Cabarrot,PHI,24:42,4.0,10.0,0.4,1.0,6.0,0.167,0.0,0.0,0.0,1.0,2.0,3.0,0.0,0.0,1.0,2.0,2.0,9.0,1.0,11/15/17,1,2.8
20,T.J. McConnell,PHI,22:30,3.0,5.0,0.6,1.0,1.0,1.0,0.0,0.0,0.0,1.0,3.0,4.0,4.0,1.0,0.0,5.0,0.0,7.0,-8.0,11/15/17,1,5.099999999999998
21,Amir Johnson,PHI,9:00,0.0,0.0,0.0,0.0,0.0,0.0,0.0,0.0,0.0,0.0,0.0,0.0,0.0,0.0,1.0,2.0,1.0,0.0,-10.0,11/15/17,1,-1.7000000000000002
22,Justin Anderson,PHI,7:44,1.0,4.0,0.25,0.0,2.0,0.0,3.0,3.0,1.0,0.0,0.0,0.0,0.0,0.0,0.0,0.0,1.0,5.0,-8.0,11/15/17,1,2.2000000000000006
23,Richaun Holmes,PHI,4:31,0.0,0.0,0.0,0.0,0.0,0.0,0.0,0.0,0.0,0.0,1.0,1.0,0.0,0.0,1.0,0.0,1.0,0.0,-3.0,11/15/17,1,0.6
27,Donovan Mitchell,UTA,34:45,6.0,17.0,0.353,1.0,6.0,0.167,4.0,5.0,0.8,0.0,7.0,7.0,3.0,2.0,1.0,3.0,4.0,17.0,-11.0,12/27/17,1,9.399999999999999
28,Thabo Sefolosha,UTA,32:49,4.0,12.0,0.333,1.0,2.0,0.5,2.0,2.0,1.0,3.0,5.0,8.0,1.0,2.0,1.0,2.0,3.0,11.0,-14.0,12/27/17,1,8.0
29,Ricky Rubio,UTA,25:31,5.0,13.0,0.385,0.0,2.0,0.0,0.0,0.0,0.0,0.0,2.0,2.0,2.0,2.0,0.0,1.0,1.0,10.0,-9.0,12/27/17,1,5.5
30,Derrick Favors,UTA,25:30,7.0,11.0,0.636,0.0,0.0,0.0,3.0,4.0,0.75,5.0,5.0,10.0,1.0,0.0,0.0,0.0,4.0,17.0,-6.0,12/27/17,1,15.800000000000002
31,Joe Ingles,UTA,24:03,1.0,4.0,0.25,1.0,2.0,0.5,0.0,0.0,0.0,0.0,4.0,4.0,7.0,0.0,0.0,4.0,2.0,3.0,-24.0,12/27/17,1,1.8999999999999995
32,Rodney Hood,UTA,29:16,9.0,20.0,0.45,2.0,5.0,0.4,6.0,8.0,0.75,2.0,3.0,5.0,0.0,3.0,0.0,1.0,1.0,26.0,-22.0,12/27/17,1,18.7
33,Ekpe Udoh,UTA,22:30,0.0,0.0,0.0,0.0,0.0,0.0,0.0,0.0,0.0,0.0,1.0,1.0,1.0,1.0,0.0,0.0,1.0,0.0,-19.0,12/27/17,1,1.6
34,Alec Burks,UTA,20:04,3.0,8.0,0.375,1.0,3.0,0.333,3.0,4.0,0.75,0.0,2.0,2.0,3.0,0.0,0.0,1.0,3.0,10.0,-17.0,12/27/17,1,5.699999999999998
35,Joe Johnson,UTA,15:11,1.0,4.0,0.25,0.0,1.0,0.0,0.0,0.0,0.0,0.0,1.0,1.0,1.0,0.0,0.0,1.0,1.0,2.0,-11.0,12/27/17,1,-0.7999999999999999
36,Royce O'Neale,UTA,10:21,1.0,3.0,0.333,0.0,2.0,0.0,3.0,4.0,0.75,0.0,3.0,3.0,2.0,0.0,0.0,0.0,2.0,5.0,8.0,12/27/17,1,4.400000000000001
41,Garrett Temple,NOP,34:15,4.0,12.0,0.333,1.0,6.0,0.167,3.0,4.0,0.75,3.0,5.0,8.0,2.0,0.0,2.0,1.0,1.0,12.0,-4.0,11/3/21,1,9.8
42,Nickeil Alexander-Walker,NOP,32:54,7.0,16.0,0.438,1.0,6.0,0.167,1.0,2.0,0.5,1.0,3.0,4.0,4.0,1.0,0.0,3.0,4.0,16.0,-6.0,11/3/21,1,8.000000000000002
43,Josh Hart,NOP,31:52,4.0,11.0,0.364,1.0,4.0,0.25,0.0,0.0,0.0,0.0,3.0,3.0,2.0,0.0,0.0,1.0,2.0,9.0,-6.0,11/3/21,1,3.4000000000000004
44,Devonte' Graham,NOP,30:55,5.0,9.0,0.556,4.0,7.0,0.571,2.0,2.0,1.0,1.0,0.0,1.0,7.0,0.0,0.0,2.0,3.0,16.0,-2.0,11/3/21,1,14.099999999999998
45,Jonas Valančiūnas,NOP,29:10,5.0,13.0,0.385,2.0,3.0,0.667,2.0,2.0,1.0,1.0,10.0,11.0,2.0,0.0,0.0,2.0,1.0,14.0,4.0,11/3/21,1,9.600000000000001
46,Naji Marshall,NOP,19:50,2.0,5.0,0.4,1.0,3.0,0.333,0.0,0.0,0.0,2.0,3.0,5.0,0.0,0.0,0.0,1.0,0.0,5.0,-9.0,11/3/21,1,3.5999999999999996
47,Kira Lewis Jr.,NOP,16:51,6.0,9.0,0.667,2.0,3.0,0.667,0.0,0.0,0.0,0.0,2.0,2.0,0.0,0.0,0.0,3.0,2.0,14.0,-14.0,11/3/21,1,6.899999999999997
48,Trey Murphy III,NOP,13:59,0.0,2.0,0.0,0.0,1.0,0.0,0.0,0.0,0.0,0.0,4.0,4.0,3.0,0.0,0.0,1.0,0.0,0.0,-5.0,11/3/21,1,0.8999999999999997
49,Tomáš Satoranský,NOP,12:56,2.0,5.0,0.4,0.0,0.0,0.0,1.0,1.0,1.0,0.0,0.0,0.0,2.0,0.0,0.0,2.0,1.0,5.0,-7.0,11/3/21,1,1.2999999999999998
50,Willy Hernangómez,NOP,10:45,2.0,2.0,1.0,0.0,0.0,0.0,4.0,4.0,1.0,0.0,2.0,2.0,1.0,0.0,0.0,0.0,2.0,8.0,-11.0,11/3/21,1,7.8999999999999995
51,Jaxson Hayes,NOP,4:27,0.0,2.0,0.0,0.0,1.0,0.0,0.0,0.0,0.0,0.0,0.0,0.0,0.0,0.0,1.0,0.0,0.0,0.0,-7.0,11/3/21,1,-0.7
52,Jose Alvarado,NOP,1:03,0.0,0.0,0.0,0.0,0.0,0.0,0.0,0.0,0.0,0.0,0.0,0.0,0.0,0.0,0.0,0.0,0.0,0.0,1.0,11/3/21,1,0.0
53,Didi Louzada,NOP,1:03,0.0,0.0,0.0,0.0,0.0,0.0,0.0,0.0,0.0,0.0,0.0,0.0,1.0,0.0,0.0,0.0,0.0,0.0,1.0,11/3/21,1,0.7
56,Dorian Finney-Smith,DAL,46:49,6.0,12.0,0.5,2.0,7.0,0.286,0.0,0.0,0.0,1.0,7.0,8.0,2.0,4.0,0.0,1.0,4.0,14.0,12.0,4/21/22,1,13.6
57,Reggie Bullock,DAL,44:29,3.0,6.0,0.5,3.0,6.0,0.5,3.0,3.0,1.0,0.0,6.0,6.0,3.0,1.0,0.0,0.0,2.0,12.0,2.0,4/21/22,1,13.1
58,Spencer Dinwiddie,DAL,40:47,6.0,21.0,0.286,2.0,7.0,0.286,6.0,7.0,0.857,2.0,3.0,5.0,6.0,3.0,0.0,2.0,6.0,20.0,8.0,4/21/22,1,12.399999999999997
59,Jalen Brunson,DAL,35:05,12.0,22.0,0.545,0.0,4.0,0.0,7.0,7.0,1.0,0.0,1.0,1.0,6.0,0.0,0.0,1.0,2.0,31.0,-1.0,4/21/22,1,23.099999999999998
60,Dwight Powell,DAL,13:18,0.0,1.0,0.0,0.0,1.0,0.0,0.0,0.0,0.0,1.0,3.0,4.0,0.0,0.0,0.0,2.0,5.0,0.0,-11.0,4/21/22,1,-3.1
61,Maxi Kleber,DAL,22:20,6.0,7.0,0.857,4.0,5.0,0.8,1.0,2.0,0.5,1.0,2.0,3.0,1.0,0.0,0.0,1.0,5.0,17.0,10.0,4/21/22,1,13.099999999999998
62,Josh Green,DAL,18:47,4.0,6.0,0.667,3.0,5.0,0.6,1.0,4.0,0.25,0.0,3.0,3.0,6.0,2.0,0.0,0.0,3.0,12.0,10.0,4/21/22,1,14.099999999999998
63,Dāvis Bertāns,DAL,13:53,4.0,7.0,0.571,4.0,7.0,0.571,3.0,3.0,1.0,1.0,1.0,2.0,0.0,0.0,1.0,1.0,3.0,15.0,6.0,4/21/22,1,11.200000000000003
64,Trey Burke,DAL,4:07,0.0,1.0,0.0,0.0,0.0,0.0,3.0,3.0,1.0,0.0,0.0,0.0,0.0,0.0,0.0,0.0,2.0,3.0,5.0,4/21/22,1,1.4999999999999998
65,Sterling Brown,DAL,0:25,0.0,0.0,0.0,0.0,0.0,0.0,2.0,2.0,1.0,0.0,0.0,0.0,0.0,0.0,0.0,0.0,0.0,2.0,-1.0,4/21/22,1,2.0
69,Jalen Williams,OKC,39:47,10.0,19.0,0.526,3.0,6.0,0.5,2.0,2.0,1.0,3.0,4.0,7.0,2.0,6.0,1.0,3.0,3.0,25.0,11.0,2/7/23,1,22.9
70,Shai Gilgeous-Alexander,OKC,37:41,9.0,17.0,0.529,1.0,1.0,1.0,11.0,12.0,0.917,0.0,2.0,2.0,8.0,2.0,0.0,4.0,5.0,30.0,-2.0,2/7/23,1,23.500000000000007
71,Josh Giddey,OKC,34:55,10.0,19.0,0.526,0.0,3.0,0.0,0.0,0.0,0.0,1.0,4.0,5.0,6.0,0.0,0.0,4.0,2.0,20.0,-1.0,2/7/23,1,11.999999999999996
72,Jaylin Williams,OKC,30:40,4.0,6.0,0.667,2.0,2.0,1.0,4.0,4.0,1.0,1.0,6.0,7.0,7.0,2.0,0.0,0.0,1.0,14.0,2.0,2/7/23,1,20.4
73,Kenrich Williams,OKC,29:43,3.0,6.0,0.5,1.0,4.0,0.25,1.0,2.0,0.5,1.0,3.0,4.0,5.0,1.0,0.0,1.0,2.0,8.0,-12.0,2/7/23,1,8.899999999999999
74,Isaiah Joe,OKC,23:02,5.0,11.0,0.455,5.0,10.0,0.5,0.0,0.0,0.0,1.0,4.0,5.0,2.0,0.0,0.0,0.0,1.0,15.0,15.0,2/7/23,1,12.2
75,Aaron Wiggins,OKC,21:43,2.0,5.0,0.4,1.0,1.0,1.0,0.0,0.0,0.0,0.0,3.0,3.0,0.0,0.0,1.0,0.0,3.0,5.0,4.0,2/7/23,1,2.6999999999999993
76,Mike Muscala,OKC,17:20,6.0,10.0,0.6,4.0,7.0,0.571,0.0,0.0,0.0,0.0,4.0,4.0,2.0,1.0,0.0,0.0,1.0,16.0,1.0,2/7/23,1,14.599999999999998
77,Tre Mann,OKC,5:09,0.0,1.0,0.0,0.0,0.0,0.0,0.0,0.0,0.0,0.0,0.0,0.0,0.0,0.0,0.0,0.0,0.0,0.0,-3.0,2/7/23,1,-0.7
82,Devin Vassell,SAS,35:05,7.0,16.0,0.438,2.0,9.0,0.222,1.0,1.0,1.0,0.0,5.0,5.0,7.0,4.0,1.0,1.0,0.0,17.0,18.0,12/28/23,1,18.7
83,Jeremy Sochan,SAS,30:34,6.0,10.0,0.6,0.0,2.0,0.0,4.0,5.0,0.8,1.0,6.0,7.0,3.0,0.0,1.0,2.0,4.0,16.0,17.0,12/28/23,1,12.699999999999998
84,Malaki Branham,SAS,28:31,4.0,10.0,0.4,3.0,6.0,0.5,2.0,2.0,1.0,2.0,3.0,5.0,4.0,1.0,0.0,2.0,5.0,13.0,4.0,12/28/23,1,9.7
85,Victor Wembanyama,SAS,24:21,9.0,14.0,0.643,2.0,4.0,0.5,10.0,10.0,1.0,0.0,6.0,6.0,6.0,0.0,7.0,1.0,0.0,30.0,18.0,12/28/23,1,33.7
86,Julian Champagnie,SAS,14:22,0.0,1.0,0.0,0.0,1.0,0.0,2.0,2.0,1.0,0.0,1.0,1.0,0.0,2.0,1.0,1.0,0.0,2.0,8.0,12/28/23,1,3.3
87,Keldon Johnson,SAS,31:04,4.0,11.0,0.364,1.0,6.0,0.167,0.0,0.0,0.0,0.0,3.0,3.0,2.0,1.0,0.0,2.0,5.0,9.0,1.0,12/28/23,1,2.200000000000001
88,Tre Jones,SAS,25:48,2.0,6.0,0.333,0.0,2.0,0.0,4.0,4.0,1.0,3.0,2.0,5.0,6.0,1.0,0.0,1.0,0.0,8.0,1.0,12/28/23,1,11.5
89,Zach Collins,SAS,16:41,4.0,9.0,0.444,0.0,2.0,0.0,3.0,4.0,0.75,1.0,6.0,7.0,2.0,0.0,0.0,1.0,6.0,11.0,7.0,12/28/23,1,6.399999999999999
90,Doug McDermott,SAS,15:57,3.0,4.0,0.75,2.0,3.0,0.667,0.0,0.0,0.0,0.0,1.0,1.0,1.0,0.0,0.0,0.0,0.0,8.0,-3.0,12/28/23,1,7.3999999999999995
91,Cedi Osman,SAS,15:33,2.0,3.0,0.667,0.0,0.0,0.0,0.0,0.0,0.0,0.0,2.0,2.0,2.0,0.0,0.0,0.0,0.0,4.0,-2.0,12/28/23,1,4.7
92,Sandro Mamukelashvili,SAS,1:02,0.0,1.0,0.0,0.0,1.0,0.0,0.0,0.0,0.0,0.0,0.0,0.0,0.0,0.0,0.0,0.0,0.0,0.0,-2.0,12/28/23,1,-0.7
93,Blake Wesley,SAS,1:02,0.0,0.0,0.0,0.0,0.0,0.0,0.0,0.0,0.0,0.0,0.0,0.0,0.0,0.0,0.0,0.0,0.0,0.0,-2.0,12/28/23,1,0.0
95,Devin Vassell,SAS,31:19,8.0,16.0,0.5,3.0,6.0,0.5,3.0,4.0,0.75,0.0,3.0,3.0,5.0,4.0,1.0,0.0,1.0,22.0,-6.0,12/29/23,1,22.3
96,Malaki Branham,SAS,28:50,5.0,12.0,0.417,1.0,3.0,0.333,0.0,0.0,0.0,3.0,3.0,6.0,3.0,1.0,0.0,3.0,1.0,11.0,-24.0,12/29/23,1,7.300000000000001
97,Jeremy Sochan,SAS,28:38,0.0,3.0,0.0,0.0,0.0,0.0,2.0,2.0,1.0,1.0,3.0,4.0,4.0,1.0,0.0,3.0,2.0,2.0,-15.0,12/29/23,1,1.5
98,Zach Collins,SAS,18:21,8.0,10.0,0.8,0.0,1.0,0.0,1.0,3.0,0.333,1.0,2.0,3.0,2.0,0.0,1.0,1.0,3.0,17.0,-13.0,12/29/23,1,13.599999999999998
99,Julian Champagnie,SAS,11:44,1.0,5.0,0.2,1.0,4.0,0.25,4.0,5.0,0.8,2.0,1.0,3.0,0.0,1.0,1.0,1.0,1.0,7.0,-8.0,12/29/23,1,5.5
100,Keldon Johnson,SAS,32:12,9.0,18.0,0.5,3.0,8.0,0.375,8.0,11.0,0.727,2.0,5.0,7.0,7.0,1.0,0.0,1.0,4.0,29.0,6.0,12/29/23,1,24.999999999999996
101,Tre Jones,SAS,26:57,7.0,9.0,0.778,0.0,0.0,0.0,0.0,0.0,0.0,3.0,5.0,8.0,5.0,0.0,0.0,3.0,2.0,14.0,14.0,12/29/23,1,13.8
102,Doug McDermott,SAS,22:34,6.0,9.0,0.667,6.0,8.0,0.75,0.0,0.0,0.0,0.0,1.0,1.0,1.0,0.0,0.0,2.0,1.0,18.0,12.0,12/29/23,1,12.699999999999998
103,Cedi Osman,SAS,17:40,2.0,4.0,0.5,0.0,1.0,0.0,0.0,0.0,0.0,0.0,4.0,4.0,2.0,0.0,0.0,0.0,1.0,4.0,5.0,12/29/23,1,4.199999999999999
104,Dominick Barlow,SAS,14:15,1.0,6.0,0.167,0.0,1.0,0.0,0.0,0.0,0.0,1.0,1.0,2.0,0.0,1.0,0.0,0.0,2.0,2.0,-9.0,12/29/23,1,-0.5999999999999994
105,Sandro Mamukelashvili,SAS,7:30,1.0,2.0,0.5,0.0,1.0,0.0,0.0,0.0,0.0,0.0,1.0,1.0,2.0,0.0,0.0,0.0,1.0,2.0,8.0,12/29/23,1,2.3000000000000003
108,Devin Booker,PHO,36:28,9.0,20.0,0.45,0.0,3.0,0.0,6.0,9.0,0.667,2.0,2.0,4.0,7.0,0.0,0.0,0.0,1.0,24.0,-24.0,12/22/23,1,18.900000000000002
109,Kevin Durant,PHO,34:04,9.0,14.0,0.643,2.0,3.0,0.667,8.0,9.0,0.889,0.0,7.0,7.0,2.0,1.0,0.0,7.0,0.0,28.0,-14.0,12/22/23,1,18.900000000000006
110,Grayson Allen,PHO,29:57,4.0,10.0,0.4,3.0,6.0,0.5,0.0,0.0,0.0,2.0,2.0,4.0,2.0,3.0,1.0,1.0,1.0,11.0,-20.0,12/22/23,1,11.299999999999999
111,Eric Gordon,PHO,24:43,0.0,2.0,0.0,0.0,1.0,0.0,0.0,0.0,0.0,0.0,4.0,4.0,2.0,0.0,1.0,0.0,1.0,0.0,-25.0,12/22/23,1,1.5
112,Drew Eubanks,PHO,14:34,1.0,3.0,0.333,0.0,0.0,0.0,0.0,0.0,0.0,1.0,1.0,2.0,0.0,1.0,0.0,2.0,2.0,2.0,-23.0,12/22/23,1,-0.4999999999999998
113,Udoka Azubuike,PHO,22:22,5.0,5.0,1.0,0.0,0.0,0.0,1.0,2.0,0.5,5.0,6.0,11.0,2.0,0.0,1.0,1.0,4.0,11.0,1.0,12/22/23,1,13.9
114,Saben Lee,PHO,19:43,2.0,8.0,0.25,0.0,3.0,0.0,2.0,2.0,1.0,1.0,2.0,3.0,4.0,1.0,1.0,1.0,2.0,6.0,11.0,12/22/23,1,5.2
115,Nassir Little,PHO,16:04,3.0,8.0,0.375,0.0,3.0,0.0,0.0,0.0,0.0,0.0,0.0,0.0,0.0,1.0,0.0,1.0,3.0,6.0,0.0,12/22/23,1,0.40000000000000036
116,Jordan Goodwin,PHO,14:00,1.0,6.0,0.167,0.0,1.0,0.0,1.0,2.0,0.5,2.0,1.0,3.0,0.0,1.0,0.0,1.0,2.0,3.0,5.0,12/22/23,1,-0.2999999999999994
117,Chimezie Metu,PHO,13:01,3.0,6.0,0.5,0.0,2.0,0.0,4.0,4.0,1.0,1.0,3.0,4.0,0.0,0.0,0.0,1.0,1.0,10.0,5.0,12/22/23,1,7.199999999999999
118,Yuta Watanabe,PHO,11:42,1.0,4.0,0.25,0.0,3.0,0.0,0.0,0.0,0.0,0.0,2.0,2.0,0.0,0.0,0.0,0.0,2.0,2.0,5.0,12/22/23,1,-0.6
119,Bol Bol,PHO,3:22,1.0,2.0,0.5,0.0,0.0,0.0,0.0,0.0,0.0,1.0,0.0,1.0,0.0,0.0,0.0,0.0,0.0,2.0,4.0,12/22/23,1,1.7
122,Jeremy Sochan,SAS,38:05,8.0,16.0,0.5,2.0,4.0,0.5,5.0,5.0,1.0,3.0,5.0,8.0,4.0,2.0,2.0,4.0,4.0,23.0,-4.0,1/15/24,1,19.2
123,Devin Vassell,SAS,30:27,2.0,11.0,0.182,0.0,5.0,0.0,0.0,0.0,0.0,1.0,3.0,4.0,4.0,0.0,1.0,0.0,0.0,4.0,-4.0,1/15/24,1,2.2
124,Tre Jones,SAS,30:11,3.0,8.0,0.375,0.0,1.0,0.0,0.0,0.0,0.0,0.0,1.0,1.0,12.0,3.0,0.0,3.0,0.0,6.0,5.0,1/15/24,1,10.299999999999999
125,Victor Wembanyama,SAS,27:05,12.0,18.0,0.667,1.0,5.0,0.2,1.0,1.0,1.0,2.0,11.0,13.0,2.0,2.0,5.0,3.0,2.0,26.0,-2.0,1/15/24,1,26.0
126,Julian Champagnie,SAS,20:05,5.0,8.0,0.625,5.0,8.0,0.625,0.0,0.0,0.0,0.0,1.0,1.0,1.0,1.0,0.0,0.0,1.0,15.0,5.0,1/15/24,1,13.0
127,Keldon Johnson,SAS,26:10,1.0,11.0,0.091,0.0,5.0,0.0,3.0,5.0,0.6,2.0,4.0,6.0,0.0,1.0,0.0,5.0,4.0,5.0,-4.0,1/15/24,1,-6.099999999999999
128,Dominick Barlow,SAS,16:48,1.0,4.0,0.25,0.0,0.0,0.0,2.0,4.0,0.5,0.0,7.0,7.0,1.0,1.0,0.0,0.0,2.0,4.0,-6.0,1/15/24,1,3.8000000000000007
129,Doug McDermott,SAS,15:16,2.0,5.0,0.4,2.0,5.0,0.4,0.0,0.0,0.0,0.0,1.0,1.0,0.0,0.0,0.0,0.0,1.0,6.0,2.0,1/15/24,1,3.1999999999999997
130,Blake Wesley,SAS,12:38,1.0,4.0,0.25,0.0,2.0,0.0,1.0,2.0,0.5,1.0,1.0,2.0,3.0,0.0,0.0,1.0,0.0,3.0,-6.0,1/15/24,1,2.3
131,Cedi Osman,SAS,11:59,1.0,5.0,0.2,1.0,5.0,0.2,0.0,0.0,0.0,0.0,1.0,1.0,0.0,0.0,0.0,1.0,3.0,3.0,-11.0,1/15/24,1,-2.0
132,Malaki Branham,SAS,9:51,2.0,4.0,0.5,0.0,1.0,0.0,0.0,0.0,0.0,0.0,0.0,0.0,0.0,0.0,0.0,0.0,1.0,4.0,-21.0,1/15/24,1,1.6
133,Sandro Mamukelashvili,SAS,1:24,0.0,1.0,0.0,0.0,1.0,0.0,0.0,0.0,0.0,0.0,0.0,0.0,0.0,0.0,0.0,0.0,0.0,0.0,-4.0,1/15/24,1,-0.7
0,Damian Lillard,POR,36:19,17.0,29.0,0.586,9.0,15.0,0.6,8.0,8.0,1.0,0.0,2.0,2.0,12.0,1.0,0.0,2.0,2.0,51.0,17.0,2/1/20,1,44.7
1,Hassan Whiteside,POR,34:47,7.0,10.0,0.7,0.0,0.0,0.0,3.0,6.0,0.5,6.0,15.0,21.0,0.0,1.0,3.0,2.0,2.0,17.0,20.0,2/1/20,1,20.599999999999998
2,CJ McCollum,POR,34:00,6.0,14.0,0.429,2.0,4.0,0.5,0.0,0.0,0.0,0.0,3.0,3.0,2.0,1.0,1.0,3.0,4.0,14.0,14.0,2/1/20,1,6.0
3,Carmelo Anthony,POR,32:01,5.0,15.0,0.333,1.0,3.0,0.333,4.0,4.0,1.0,3.0,2.0,5.0,1.0,0.0,0.0,0.0,1.0,15.0,9.0,2/1/20,1,9.499999999999998
4,Trevor Ariza,POR,26:17,3.0,6.0,0.5,0.0,1.0,0.0,0.0,0.0,0.0,2.0,5.0,7.0,2.0,0.0,0.0,1.0,4.0,6.0,20.0,2/1/20,1,4.700000000000001
5,Gary Trent Jr.,POR,24:22,3.0,9.0,0.333,1.0,4.0,0.25,0.0,0.0,0.0,0.0,1.0,1.0,0.0,0.0,0.0,0.0,1.0,7.0,6.0,2/1/20,1,1.7999999999999994
6,Anfernee Simons,POR,23:40,3.0,6.0,0.5,1.0,1.0,1.0,0.0,0.0,0.0,0.0,5.0,5.0,3.0,0.0,0.0,1.0,2.0,7.0,9.0,2/1/20,1,5.8
7,Caleb Swanigan,POR,12:58,0.0,0.0,0.0,0.0,0.0,0.0,0.0,0.0,0.0,3.0,3.0,6.0,0.0,0.0,1.0,2.0,2.0,0.0,-5.0,2/1/20,1,0.8999999999999995
8,Nassir Little,POR,12:56,3.0,3.0,1.0,1.0,1.0,1.0,0.0,0.0,0.0,0.0,1.0,1.0,0.0,0.0,0.0,0.0,0.0,7.0,-1.0,2/1/20,1,6.3999999999999995
9,Wenyen Gabriel,POR,2:39,0.0,0.0,0.0,0.0,0.0,0.0,0.0,0.0,0.0,0.0,0.0,0.0,0.0,1.0,0.0,1.0,1.0,0.0,-4.0,2/1/20,1,-0.4
13,Kentavious Caldwell-Pope,LAL,41:15,4.0,11.0,0.364,2.0,8.0,0.25,2.0,2.0,1.0,0.0,7.0,7.0,2.0,1.0,2.0,0.0,1.0,12.0,0.0,11/15/17,1,11.4
14,Brandon Ingram,LAL,39:46,11.0,18.0,0.611,0.0,0.0,0.0,4.0,5.0,0.8,4.0,7.0,11.0,3.0,0.0,2.0,2.0,4.0,26.0,-2.0,11/15/17,1,22.199999999999996
15,Kyle Kuzma,LAL,30:47,9.0,18.0,0.5,1.0,4.0,0.25,5.0,6.0,0.833,4.0,3.0,7.0,1.0,0.0,0.0,2.0,2.0,24.0,-4.0,11/15/17,1,16.2
16,Lonzo Ball,LAL,21:25,1.0,9.0,0.111,0.0,6.0,0.0,0.0,0.0,0.0,3.0,2.0,5.0,2.0,1.0,0.0,2.0,3.0,2.0,-18.0,11/15/17,1,-2.0000000000000004
17,Brook Lopez,LAL,15:55,3.0,12.0,0.25,0.0,5.0,0.0,2.0,2.0,1.0,1.0,1.0,2.0,2.0,0.0,0.0,0.0,3.0,8.0,-11.0,11/15/17,1,2.0000000000000004
18,Jordan Clarkson,LAL,31:40,8.0,21.0,0.381,0.0,2.0,0.0,4.0,4.0,1.0,3.0,3.0,6.0,5.0,2.0,0.0,0.0,1.0,20.0,3.0,11/15/17,1,16.6
19,Julius Randle,LAL,29:39,2.0,12.0,0.167,0.0,1.0,0.0,4.0,6.0,0.667,3.0,5.0,8.0,1.0,1.0,0.0,3.0,6.0,8.0,5.0,11/15/17,1,-0.4999999999999982
20,Andrew Bogut,LAL,19:39,3.0,5.0,0.6,0.0,0.0,0.0,0.0,0.0,0.0,4.0,6.0,10.0,2.0,1.0,2.0,0.0,2.0,6.0,-2.0,11/15/17,1,11.3
21,Corey Brewer,LAL,9:54,1.0,3.0,0.333,0.0,1.0,0.0,1.0,2.0,0.5,0.0,1.0,1.0,0.0,1.0,0.0,0.0,1.0,3.0,-1.0,11/15/17,1,1.8000000000000003
27,Klay Thompson,GSW,30:16,5.0,12.0,0.417,3.0,5.0,0.6,2.0,2.0,1.0,0.0,0.0,0.0,1.0,0.0,1.0,2.0,1.0,15.0,14.0,12/27/17,1,7.6
28,Kevin Durant,GSW,29:03,7.0,10.0,0.7,2.0,3.0,0.667,5.0,5.0,1.0,0.0,6.0,6.0,4.0,0.0,3.0,2.0,3.0,21.0,22.0,12/27/17,1,20.3
29,Draymond Green,GSW,24:42,6.0,10.0,0.6,2.0,5.0,0.4,0.0,0.0,0.0,0.0,8.0,8.0,8.0,0.0,0.0,3.0,1.0,14.0,6.0,12/27/17,1,14.0
30,Shaun Livingston,GSW,20:14,4.0,7.0,0.571,0.0,0.0,0.0,0.0,0.0,0.0,0.0,2.0,2.0,3.0,2.0,1.0,1.0,0.0,8.0,7.0,12/27/17,1,9.099999999999998
31,Zaza Pachulia,GSW,13:44,2.0,2.0,1.0,0.0,0.0,0.0,1.0,1.0,1.0,0.0,1.0,1.0,2.0,1.0,0.0,2.0,0.0,5.0,5.0,12/27/17,1,5.1
32,Nick Young,GSW,22:02,6.0,9.0,0.667,3.0,4.0,0.75,0.0,0.0,0.0,0.0,1.0,1.0,1.0,0.0,0.0,0.0,1.0,15.0,10.0,12/27/17,1,11.699999999999998
33,Jordan Bell,GSW,21:53,2.0,6.0,0.333,0.0,0.0,0.0,1.0,3.0,0.333,2.0,11.0,13.0,7.0,1.0,0.0,1.0,4.0,5.0,17.0,12/27/17,1,8.799999999999999
34,Patrick McCaw,GSW,20:25,7.0,10.0,0.7,1.0,3.0,0.333,3.0,4.0,0.75,1.0,3.0,4.0,0.0,1.0,0.0,1.0,0.0,18.0,17.0,12/27/17,1,15.0
35,Andre Iguodala,GSW,19:45,1.0,7.0,0.143,0.0,2.0,0.0,1.0,2.0,0.5,1.0,5.0,6.0,7.0,1.0,0.0,0.0,1.0,3.0,22.0,12/27/17,1,5.8
36,Omri Casspi,GSW,15:01,5.0,5.0,1.0,0.0,0.0,0.0,0.0,0.0,0.0,0.0,4.0,4.0,2.0,1.0,0.0,2.0,1.0,10.0,7.0,12/27/17,1,9.7
37,David West,GSW,12:23,3.0,4.0,0.75,0.0,0.0,0.0,0.0,0.0,0.0,0.0,4.0,4.0,2.0,1.0,0.0,1.0,3.0,6.0,3.0,12/27/17,1,5.8
38,Kevon Looney,GSW,6:02,0.0,0.0,0.0,0.0,0.0,0.0,0.0,0.0,0.0,0.0,0.0,0.0,0.0,0.0,0.0,1.0,2.0,0.0,-3.0,12/27/17,1,-1.8
39,JaVale McGee,GSW,4:29,3.0,4.0,0.75,0.0,1.0,0.0,0.0,0.0,0.0,0.0,1.0,1.0,0.0,0.0,2.0,0.0,1.0,6.0,-2.0,12/27/17,1,5.699999999999999
41,Harrison Barnes,SAC,38:47,5.0,8.0,0.625,4.0,6.0,0.667,9.0,10.0,0.9,1.0,7.0,8.0,3.0,1.0,0.0,3.0,4.0,23.0,13.0,11/3/21,1,20.299999999999997
42,De'Aaron Fox,SAC,37:49,8.0,14.0,0.571,2.0,3.0,0.667,1.0,2.0,0.5,0.0,2.0,2.0,5.0,1.0,0.0,1.0,2.0,19.0,10.0,11/3/21,1,15.3
43,Tyrese Haliburton,SAC,36:36,6.0,11.0,0.545,1.0,3.0,0.333,7.0,8.0,0.875,0.0,4.0,4.0,7.0,4.0,2.0,0.0,1.0,20.0,7.0,11/3/21,1,25.4
44,Maurice Harkless,SAC,32:25,1.0,4.0,0.25,1.0,4.0,0.25,0.0,0.0,0.0,0.0,5.0,5.0,1.0,1.0,1.0,1.0,2.0,3.0,-1.0,11/3/21,1,2.7
45,Richaun Holmes,SAC,16:23,6.0,9.0,0.667,0.0,1.0,0.0,0.0,0.0,0.0,1.0,5.0,6.0,1.0,0.0,0.0,1.0,4.0,12.0,-9.0,11/3/21,1,8.4
46,Davion Mitchell,SAC,26:04,6.0,12.0,0.5,0.0,2.0,0.0,0.0,0.0,0.0,0.0,2.0,2.0,8.0,0.0,0.0,0.0,2.0,12.0,12.0,11/3/21,1,11.4
47,Buddy Hield,SAC,22:57,4.0,13.0,0.308,2.0,10.0,0.2,1.0,2.0,0.5,2.0,3.0,5.0,0.0,1.0,0.0,0.0,0.0,11.0,12.0,11/3/21,1,6.4
48,Alex Len,SAC,20:39,6.0,9.0,0.667,0.0,1.0,0.0,0.0,0.0,0.0,0.0,5.0,5.0,2.0,0.0,3.0,2.0,5.0,12.0,16.0,11/3/21,1,9.100000000000001
49,Tristan Thompson,SAC,8:19,0.0,0.0,0.0,0.0,0.0,0.0,0.0,0.0,0.0,0.0,0.0,0.0,0.0,0.0,1.0,0.0,1.0,0.0,5.0,11/3/21,1,0.29999999999999993
56,Donovan Mitchell,UTA,38:44,10.0,21.0,0.476,1.0,8.0,0.125,11.0,12.0,0.917,0.0,2.0,2.0,6.0,0.0,1.0,2.0,4.0,32.0,4.0,4/21/22,1,22.8
57,Mike Conley,UTA,35:11,6.0,14.0,0.429,2.0,7.0,0.286,7.0,8.0,0.875,0.0,2.0,2.0,6.0,2.0,1.0,4.0,5.0,21.0,-16.0,4/21/22,1,14.7
58,Royce O'Neale,UTA,31:51,0.0,0.0,0.0,0.0,0.0,0.0,2.0,2.0,1.0,1.0,3.0,4.0,1.0,0.0,0.0,2.0,4.0,2.0,-13.0,4/21/22,1,0.6999999999999997
59,Bojan Bogdanović,UTA,31:49,8.0,12.0,0.667,4.0,7.0,0.571,4.0,4.0,1.0,0.0,6.0,6.0,2.0,0.0,0.0,3.0,5.0,24.0,4.0,4/21/22,1,17.0
60,Rudy Gobert,UTA,29:06,6.0,6.0,1.0,0.0,0.0,0.0,3.0,3.0,1.0,0.0,7.0,7.0,0.0,0.0,1.0,0.0,4.0,15.0,-16.0,4/21/22,1,14.399999999999999
61,Jordan Clarkson,UTA,30:10,5.0,9.0,0.556,1.0,3.0,0.333,3.0,3.0,1.0,0.0,3.0,3.0,2.0,0.0,0.0,1.0,2.0,14.0,0.0,4/21/22,1,10.2
62,Danuel House Jr.,UTA,19:16,1.0,1.0,1.0,0.0,0.0,0.0,0.0,0.0,0.0,0.0,6.0,6.0,2.0,0.0,0.0,2.0,0.0,2.0,-3.0,4/21/22,1,2.9000000000000004
63,Eric Paschall,UTA,10:17,2.0,3.0,0.667,1.0,2.0,0.5,1.0,1.0,1.0,0.0,1.0,1.0,0.0,0.0,0.0,0.0,2.0,6.0,9.0,4/21/22,1,4.2
64,Hassan Whiteside,UTA,7:16,1.0,1.0,1.0,0.0,0.0,0.0,0.0,0.0,0.0,0.0,1.0,1.0,0.0,0.0,1.0,0.0,0.0,2.0,-1.0,4/21/22,1,2.7
65,Juancho Hernangómez,UTA,6:20,0.0,2.0,0.0,0.0,1.0,0.0,0.0,0.0,0.0,0.0,0.0,0.0,1.0,0.0,0.0,0.0,2.0,0.0,-8.0,4/21/22,1,-1.5
70,LeBron James,LAL,33:57,13.0,20.0,0.65,4.0,6.0,0.667,8.0,10.0,0.8,0.0,7.0,7.0,3.0,3.0,0.0,4.0,3.0,38.0,8.0,2/7/23,1,30.4
71,Dennis Schröder,LAL,31:55,4.0,9.0,0.444,0.0,5.0,0.0,2.0,2.0,1.0,0.0,2.0,2.0,3.0,0.0,0.0,3.0,3.0,10.0,-11.0,2/7/23,1,3.799999999999999
72,Anthony Davis,LAL,30:36,6.0,9.0,0.667,0.0,0.0,0.0,1.0,2.0,0.5,3.0,5.0,8.0,2.0,2.0,1.0,2.0,4.0,13.0,-4.0,2/7/23,1,12.800000000000002
73,Rui Hachimura,LAL,26:26,5.0,7.0,0.714,1.0,1.0,1.0,3.0,4.0,0.75,1.0,5.0,6.0,0.0,0.0,0.0,1.0,0.0,14.0,-11.0,2/7/23,1,11.9
74,Patrick Beverley,LAL,23:41,2.0,3.0,0.667,2.0,3.0,0.667,1.0,2.0,0.5,0.0,1.0,1.0,5.0,0.0,0.0,3.0,3.0,7.0,1.0,2/7/23,1,4.8999999999999995
75,Russell Westbrook,LAL,28:00,10.0,19.0,0.526,4.0,7.0,0.571,3.0,6.0,0.5,0.0,4.0,4.0,8.0,2.0,1.0,6.0,1.0,27.0,4.0,2/7/23,1,19.600000000000005
76,Troy Brown Jr.,LAL,22:17,4.0,6.0,0.667,1.0,2.0,0.5,0.0,0.0,0.0,1.0,5.0,6.0,1.0,1.0,0.0,0.0,1.0,9.0,9.0,2/7/23,1,9.9
77,Lonnie Walker IV,LAL,18:54,3.0,7.0,0.429,2.0,5.0,0.4,0.0,0.0,0.0,0.0,1.0,1.0,3.0,0.0,0.0,1.0,2.0,8.0,-5.0,2/7/23,1,4.8999999999999995
78,Thomas Bryant,LAL,17:24,2.0,3.0,0.667,0.0,1.0,0.0,0.0,0.0,0.0,1.0,4.0,5.0,1.0,0.0,1.0,0.0,0.0,4.0,1.0,2/7/23,1,6.000000000000001
79,Austin Reaves,LAL,6:50,0.0,2.0,0.0,0.0,1.0,0.0,0.0,0.0,0.0,0.0,1.0,1.0,1.0,0.0,0.0,0.0,2.0,0.0,-7.0,2/7/23,1,-1.2
85,Jerami Grant,POR,40:31,9.0,21.0,0.429,1.0,5.0,0.2,10.0,13.0,0.769,3.0,7.0,10.0,5.0,0.0,0.0,4.0,4.0,29.0,-7.0,12/28/23,1,18.800000000000004
86,Malcolm Brogdon,POR,36:47,10.0,19.0,0.526,6.0,8.0,0.75,3.0,5.0,0.6,1.0,5.0,6.0,6.0,1.0,0.0,1.0,1.0,29.0,-10.0,12/28/23,1,24.900000000000002
87,Scoot Henderson,POR,36:19,8.0,23.0,0.348,3.0,7.0,0.429,6.0,6.0,1.0,2.0,1.0,3.0,4.0,1.0,0.0,6.0,5.0,25.0,-6.0,12/28/23,1,9.600000000000001
88,Toumani Camara,POR,21:04,0.0,5.0,0.0,0.0,1.0,0.0,1.0,2.0,0.5,3.0,4.0,7.0,0.0,0.0,0.0,1.0,1.0,1.0,-11.0,12/28/23,1,-1.0000000000000004
89,Moses Brown,POR,13:44,2.0,6.0,0.333,0.0,0.0,0.0,0.0,0.0,0.0,5.0,2.0,7.0,0.0,0.0,0.0,0.0,3.0,4.0,-8.0,12/28/23,1,3.5
90,Jabari Walker,POR,29:35,2.0,4.0,0.5,0.0,0.0,0.0,2.0,2.0,1.0,2.0,7.0,9.0,0.0,1.0,1.0,1.0,4.0,6.0,-18.0,12/28/23,1,6.6
91,Matisse Thybulle,POR,28:26,1.0,7.0,0.143,1.0,7.0,0.143,1.0,2.0,0.5,0.0,2.0,2.0,1.0,2.0,0.0,0.0,1.0,4.0,-6.0,12/28/23,1,2.000000000000001
92,Ibou Badji,POR,14:08,3.0,3.0,1.0,0.0,0.0,0.0,1.0,2.0,0.5,5.0,4.0,9.0,0.0,0.0,3.0,0.0,3.0,7.0,11.0,12/28/23,1,11.299999999999997
93,Skylar Mays,POR,13:56,0.0,8.0,0.0,0.0,4.0,0.0,0.0,0.0,0.0,1.0,2.0,3.0,0.0,1.0,0.0,0.0,0.0,0.0,-9.0,12/28/23,1,-3.3
94,Ish Wainright,POR,5:30,0.0,5.0,0.0,0.0,4.0,0.0,0.0,0.0,0.0,0.0,1.0,1.0,0.0,0.0,0.0,0.0,0.0,0.0,-1.0,12/28/23,1,-3.2
98,Jerami Grant,POR,39:23,9.0,17.0,0.529,4.0,5.0,0.8,5.0,6.0,0.833,0.0,6.0,6.0,4.0,0.0,0.0,4.0,2.0,27.0,6.0,12/29/23,1,18.100000000000005
99,Scoot Henderson,POR,36:41,9.0,21.0,0.429,3.0,5.0,0.6,1.0,2.0,0.5,4.0,3.0,7.0,11.0,1.0,1.0,4.0,5.0,22.0,-2.0,12/29/23,1,17.599999999999998
100,Malcolm Brogdon,POR,36:36,9.0,18.0,0.5,5.0,7.0,0.714,4.0,4.0,1.0,0.0,1.0,1.0,7.0,1.0,0.0,1.0,2.0,27.0,16.0,12/29/23,1,22.4
101,Toumani Camara,POR,36:26,6.0,12.0,0.5,1.0,3.0,0.333,0.0,0.0,0.0,4.0,7.0,11.0,2.0,3.0,0.0,3.0,1.0,13.0,9.0,12/29/23,1,12.9
102,Moses Brown,POR,3:41,0.0,0.0,0.0,0.0,0.0,0.0,0.0,0.0,0.0,0.0,4.0,4.0,0.0,0.0,0.0,0.0,1.0,0.0,-2.0,12/29/23,1,0.7999999999999999
103,Jabari Walker,POR,29:45,7.0,11.0,0.636,1.0,2.0,0.5,10.0,13.0,0.769,6.0,3.0,9.0,1.0,1.0,1.0,1.0,4.0,25.0,12.0,12/29/23,1,23.799999999999997
104,Matisse Thybulle,POR,27:27,3.0,6.0,0.5,1.0,4.0,0.25,0.0,0.0,0.0,0.0,1.0,1.0,0.0,1.0,2.0,1.0,1.0,7.0,10.0,12/29/23,1,5.299999999999999
105,Skylar Mays,POR,19:41,5.0,10.0,0.5,1.0,1.0,1.0,0.0,0.0,0.0,1.0,1.0,2.0,2.0,1.0,0.0,0.0,0.0,11.0,-9.0,12/29/23,1,9.4
106,Ibou Badji,POR,10:20,0.0,0.0,0.0,0.0,0.0,0.0,2.0,2.0,1.0,1.0,1.0,2.0,1.0,0.0,2.0,0.0,3.0,2.0,-10.0,12/29/23,1,3.8999999999999995
112,Harrison Barnes,SAC,37:09,5.0,10.0,0.5,4.0,8.0,0.5,5.0,6.0,0.833,0.0,1.0,1.0,0.0,2.0,1.0,0.0,2.0,19.0,16.0,12/22/23,1,15.8
113,Domantas Sabonis,SAC,34:37,12.0,15.0,0.8,0.0,2.0,0.0,4.0,5.0,0.8,1.0,10.0,11.0,12.0,0.0,0.0,3.0,3.0,28.0,27.0,12/22/23,1,29.799999999999997
114,Keegan Murray,SAC,32:55,8.0,13.0,0.615,3.0,7.0,0.429,2.0,2.0,1.0,1.0,4.0,5.0,2.0,0.0,0.0,1.0,3.0,21.0,25.0,12/22/23,1,16.2
115,De'Aaron Fox,SAC,32:03,9.0,17.0,0.529,2.0,6.0,0.333,3.0,4.0,0.75,0.0,6.0,6.0,7.0,3.0,2.0,2.0,2.0,23.0,21.0,12/22/23,1,22.599999999999998
116,Kevin Huerter,SAC,27:17,5.0,9.0,0.556,2.0,6.0,0.333,1.0,1.0,1.0,1.0,1.0,2.0,5.0,1.0,0.0,1.0,1.0,13.0,22.0,12/22/23,1,12.799999999999999
117,Malik Monk,SAC,20:27,3.0,8.0,0.375,0.0,3.0,0.0,1.0,2.0,0.5,0.0,2.0,2.0,5.0,0.0,3.0,2.0,4.0,7.0,-3.0,12/22/23,1,4.799999999999999
118,Keon Ellis,SAC,17:18,0.0,3.0,0.0,0.0,2.0,0.0,1.0,2.0,0.5,1.0,2.0,3.0,1.0,1.0,1.0,0.0,3.0,1.0,-3.0,12/22/23,1,1.0
119,Trey Lyles,SAC,11:26,0.0,1.0,0.0,0.0,0.0,0.0,0.0,0.0,0.0,1.0,3.0,4.0,0.0,0.0,0.0,1.0,1.0,0.0,4.0,12/22/23,1,-0.5000000000000001
120,JaVale McGee,SAC,10:25,1.0,2.0,0.5,0.0,0.0,0.0,3.0,4.0,0.75,0.0,1.0,1.0,0.0,0.0,0.0,1.0,3.0,5.0,-7.0,12/22/23,1,1.6999999999999997
121,Sasha Vezenkov,SAC,6:13,1.0,1.0,1.0,1.0,1.0,1.0,0.0,0.0,0.0,1.0,0.0,1.0,0.0,0.0,0.0,1.0,1.0,3.0,-4.0,12/22/23,1,2.0000000000000004
122,Juan Toscano-Anderson,SAC,2:58,0.0,0.0,0.0,0.0,0.0,0.0,0.0,0.0,0.0,0.0,0.0,0.0,0.0,0.0,0.0,0.0,1.0,0.0,-5.0,12/22/23,1,-0.4
123,Chris Duarte,SAC,2:24,0.0,2.0,0.0,0.0,1.0,0.0,0.0,0.0,0.0,1.0,0.0,1.0,0.0,0.0,0.0,0.0,0.0,0.0,-6.0,12/22/23,1,-0.7
124,Kessler Edwards,SAC,2:24,0.0,1.0,0.0,0.0,1.0,0.0,0.0,0.0,0.0,0.0,0.0,0.0,0.0,0.0,0.0,0.0,0.0,0.0,-6.0,12/22/23,1,-0.7
125,Davion Mitchell,SAC,2:24,0.0,1.0,0.0,0.0,1.0,0.0,0.0,0.0,0.0,0.0,0.0,0.0,0.0,0.0,0.0,0.0,0.0,0.0,-6.0,12/22/23,1,-0.7
127,Trae Young,ATL,37:36,11.0,24.0,0.458,6.0,11.0,0.545,8.0,9.0,0.889,0.0,6.0,6.0,13.0,1.0,1.0,3.0,0.0,36.0,16.0,1/15/24,1,32.800000000000004
128,Jalen Johnson,ATL,37:36,7.0,13.0,0.538,1.0,2.0,0.5,1.0,1.0,1.0,0.0,10.0,10.0,7.0,6.0,0.0,5.0,3.0,16.0,16.0,1/15/24,1,17.400000000000002
129,Dejounte Murray,ATL,32:50,6.0,15.0,0.4,1.0,6.0,0.167,0.0,0.0,0.0,0.0,13.0,13.0,0.0,0.0,1.0,2.0,3.0,13.0,0.0,1/15/24,1,6.300000000000001
130,Saddiq Bey,ATL,32:50,3.0,9.0,0.333,1.0,7.0,0.143,3.0,4.0,0.75,4.0,1.0,5.0,2.0,0.0,0.0,0.0,3.0,10.0,0.0,1/15/24,1,7.799999999999998
131,Clint Capela,ATL,24:51,5.0,7.0,0.714,0.0,0.0,0.0,3.0,6.0,0.5,6.0,5.0,11.0,0.0,0.0,4.0,1.0,2.0,13.0,8.0,1/15/24,1,15.600000000000001
132,Bogdan Bogdanović,ATL,25:34,2.0,10.0,0.2,1.0,6.0,0.167,0.0,0.0,0.0,0.0,2.0,2.0,1.0,1.0,0.0,3.0,2.0,5.0,4.0,1/15/24,1,-2.7
133,Onyeka Okongwu,ATL,23:09,3.0,8.0,0.375,0.0,1.0,0.0,1.0,1.0,1.0,2.0,4.0,6.0,1.0,0.0,0.0,2.0,4.0,7.0,2.0,1/15/24,1,2.299999999999999
134,Garrison Mathews,ATL,13:12,2.0,4.0,0.5,2.0,4.0,0.5,0.0,0.0,0.0,0.0,0.0,0.0,0.0,0.0,0.0,0.0,0.0,6.0,17.0,1/15/24,1,4.0
135,Trent Forrest,ATL,12:22,1.0,3.0,0.333,1.0,1.0,1.0,0.0,0.0,0.0,1.0,2.0,3.0,0.0,0.0,0.0,0.0,2.0,3.0,-13.0,1/15/24,1,1.8
