,level_0,index,Player,Games,Team,FG,FGA,FG%,3P,3PA,3P%,FT,FTA,FT%,ORB,DRB,TRB,AST,STL,BLK,TOV,PF,PTS,+/-,GS
0,0,0,Aaron Gordon,3.0,ORL,7.67,13.67,0.561,2.0,4.33,0.462,1.67,2.67,0.561,2.33,3.33,5.67,2.67,1.33,0.33,1.67,1.67,19.0,9.67,15.83
1,1,1,Aaron Holiday,1.0,PHO,4.0,10.0,0.400,1.0,1.0,1.000,0.0,0.0,0.400,2.0,3.0,5.0,7.0,1.0,0.0,3.0,1.0,9.0,13.0,8.4
2,2,2,Aaron Wiggins,1.0,OKC,2.0,5.0,0.400,1.0,1.0,1.000,0.0,0.0,0.400,0.0,3.0,3.0,0.0,0.0,1.0,0.0,3.0,5.0,4.0,2.7
3,3,3,Al Horford,2.0,ATL/BOS,4.5,11.0,0.409,0.0,0.5,0.000,0.5,1.0,0.409,1.0,6.0,7.0,1.0,1.0,1.0,1.5,1.0,9.5,-5.0,6.4
4,4,4,Alec Burks,2.0,UTA,5.5,9.5,0.579,1.0,2.0,0.500,5.0,7.5,0.579,1.0,1.5,2.5,1.5,0.5,0.0,1.0,2.5,17.0,4.0,12.25
5,5,5,Alex Len,8.0,ATL/SAC,1.75,3.12,0.560,0.12,0.5,0.250,0.25,1.0,0.560,1.25,3.12,4.38,1.0,0.25,1.75,0.88,1.62,3.88,-0.25,4.55
6,6,6,Allonzo Trier,1.0,NYK,2.0,5.0,0.400,1.0,1.0,1.000,2.0,2.0,0.400,1.0,1.0,2.0,0.0,0.0,0.0,0.0,0.0,7.0,-11.0,5.3
7,7,7,Alperen Şengün,1.0,HOU,4.0,6.0,0.667,0.0,2.0,0.000,1.0,2.0,0.667,2.0,2.0,4.0,2.0,0.0,1.0,2.0,2.0,9.0,-10.0,7.3
8,8,8,Amir Coffey,1.0,LAC,1.0,1.0,1.000,0.0,0.0,0.000,1.0,2.0,1.000,0.0,1.0,1.0,0.0,0.0,0.0,1.0,0.0,3.0,0.0,1.6
9,9,9,Andre Iguodala,1.0,GSW,1.0,7.0,0.143,0.0,2.0,0.000,1.0,2.0,0.143,1.0,5.0,6.0,7.0,1.0,0.0,0.0,1.0,3.0,22.0,5.8
10,10,10,Andrew Nicholson,1.0,ORL,3.0,5.0,0.600,3.0,4.0,0.750,1.0,2.0,0.600,0.0,6.0,6.0,1.0,1.0,0.0,0.0,1.0,10.0,7.0,10.4
11,11,11,Anthony Davis,1.0,LAL,6.0,9.0,0.667,0.0,0.0,0.000,1.0,2.0,0.667,3.0,5.0,8.0,2.0,2.0,1.0,2.0,4.0,13.0,-4.0,12.8
12,12,12,Austin Reaves,1.0,LAL,0.0,2.0,0.000,0.0,1.0,0.000,0.0,0.0,0.000,0.0,1.0,1.0,1.0,0.0,0.0,0.0,2.0,0.0,-7.0,-1.2
13,13,13,Bam Adebayo,1.0,MIA,1.0,2.0,0.500,0.0,0.0,0.000,0.0,0.0,0.500,1.0,1.0,2.0,1.0,1.0,1.0,0.0,1.0,2.0,10.0,4.0
14,14,14,Ben McLemore,1.0,POR,5.0,12.0,0.417,3.0,10.0,0.300,3.0,3.0,0.417,0.0,1.0,1.0,1.0,2.0,0.0,2.0,1.0,16.0,8.0,10.2
15,15,15,Bismack Biyombo,1.0,PHO,0.0,1.0,0.000,0.0,0.0,0.000,0.0,0.0,0.000,0.0,0.0,0.0,0.0,0.0,0.0,1.0,3.0,0.0,4.0,-2.9
16,16,16,Bobby Portis,1.0,MIL,1.0,1.0,1.000,0.0,0.0,0.000,1.0,2.0,1.000,1.0,2.0,3.0,0.0,0.0,0.0,1.0,1.0,3.0,1.0,2.2
17,17,17,Bogdan Bogdanović,1.0,SAC,6.0,9.0,0.667,5.0,6.0,0.833,3.0,3.0,0.667,0.0,4.0,4.0,5.0,1.0,1.0,2.0,2.0,20.0,21.0,19.7
18,18,18,Bojan Bogdanović,1.0,UTA,4.0,9.0,0.444,2.0,5.0,0.400,0.0,0.0,0.444,0.0,4.0,4.0,1.0,1.0,0.0,1.0,0.0,10.0,7.0,7.2
19,19,19,Bol Bol,1.0,PHO,1.0,2.0,0.500,0.0,0.0,0.000,0.0,0.0,0.500,1.0,0.0,1.0,0.0,0.0,0.0,0.0,0.0,2.0,4.0,1.7
20,20,20,Brad Wanamaker,1.0,IND,0.0,1.0,0.000,0.0,0.0,0.000,1.0,2.0,0.000,0.0,2.0,2.0,2.0,0.0,1.0,3.0,0.0,1.0,-5.0,-0.4
21,21,21,Brandon Clarke,1.0,MEM,6.0,8.0,0.750,0.0,1.0,0.000,4.0,5.0,0.750,0.0,3.0,3.0,3.0,2.0,1.0,1.0,0.0,16.0,11.0,17.1
22,22,22,Brandon Ingram,2.0,LAL/NOP,5.5,12.5,0.440,0.0,2.0,0.000,7.0,8.5,0.440,0.5,5.5,6.0,6.5,0.5,0.0,0.5,1.5,18.0,-1.5,16.8
23,23,23,Brandon Jennings,1.0,ORL,2.0,5.0,0.400,2.0,3.0,0.667,0.0,0.0,0.400,0.0,3.0,3.0,2.0,0.0,0.0,0.0,1.0,6.0,11.0,5.2
24,24,24,Brandon Rush,1.0,UTA,1.0,4.0,0.250,1.0,3.0,0.333,0.0,0.0,0.250,0.0,0.0,0.0,0.0,1.0,1.0,0.0,1.0,3.0,10.0,1.9
25,25,25,Brandon Williams,1.0,POR,4.0,10.0,0.400,2.0,6.0,0.333,0.0,0.0,0.400,1.0,1.0,2.0,10.0,1.0,0.0,6.0,2.0,10.0,-5.0,6.8
26,26,26,Brook Lopez,1.0,MIL,9.0,14.0,0.643,4.0,6.0,0.667,1.0,2.0,0.643,1.0,7.0,8.0,4.0,0.0,3.0,1.0,4.0,23.0,21.0,21.5
27,27,27,Bruno Fernando,1.0,ATL,1.0,2.0,0.500,0.0,0.0,0.000,0.0,0.0,0.500,0.0,3.0,3.0,0.0,0.0,0.0,2.0,1.0,2.0,8.0,-0.5
28,28,28,Bryce Cotton,1.0,MEM,1.0,1.0,1.000,0.0,0.0,0.000,0.0,0.0,1.000,0.0,0.0,0.0,0.0,0.0,0.0,0.0,0.0,2.0,0.0,1.7
29,29,29,Bryn Forbes,1.0,SAS,7.0,12.0,0.583,4.0,8.0,0.500,0.0,0.0,0.583,0.0,1.0,1.0,0.0,1.0,1.0,3.0,1.0,18.0,7.0,11.0
30,30,30,Buddy Hield,7.0,SAC,6.14,14.71,0.417,3.86,9.86,0.391,1.57,2.0,0.417,1.14,2.71,3.86,1.86,0.86,0.29,1.14,1.57,17.71,0.0,11.9
31,31,31,CJ Elleby,1.0,POR,1.0,9.0,0.111,1.0,6.0,0.167,6.0,7.0,0.111,2.0,5.0,7.0,3.0,0.0,0.0,1.0,2.0,9.0,-1.0,5.9
32,32,32,CJ McCollum,1.0,NOP,9.0,16.0,0.562,3.0,6.0,0.500,4.0,8.0,0.562,0.0,3.0,3.0,4.0,0.0,0.0,4.0,1.0,25.0,11.0,15.1
33,33,33,Cam Reddish,1.0,ATL,3.0,8.0,0.375,1.0,2.0,0.500,0.0,0.0,0.375,0.0,1.0,1.0,1.0,1.0,1.0,1.0,2.0,7.0,-16.0,3.5
34,34,34,Caris LeVert,1.0,IND,9.0,22.0,0.409,1.0,5.0,0.200,3.0,4.0,0.409,3.0,3.0,6.0,1.0,1.0,1.0,3.0,3.0,22.0,19.0,11.0
35,35,35,Cason Wallace,1.0,OKC,3.0,7.0,0.429,2.0,5.0,0.400,0.0,0.0,0.429,1.0,2.0,3.0,2.0,0.0,1.0,0.0,1.0,8.0,3.0,7.3
36,36,36,Chet Holmgren,1.0,OKC,5.0,12.0,0.417,0.0,3.0,0.000,2.0,3.0,0.417,1.0,6.0,7.0,1.0,1.0,1.0,4.0,2.0,12.0,-13.0,5.3
37,37,37,Chima Moneke,1.0,SAC,0.0,1.0,0.000,0.0,0.0,0.000,0.0,2.0,0.000,2.0,0.0,2.0,1.0,0.0,0.0,0.0,2.0,0.0,-9.0,-0.2
38,38,38,Chimezie Metu,13.0,PHO/SAC,1.85,5.08,0.364,0.62,2.15,0.286,1.15,1.23,0.364,0.54,2.69,3.23,0.38,0.77,0.31,0.85,1.54,5.46,-2.08,3.59
39,39,39,Chris Andersen,1.0,MEM,1.0,3.0,0.333,0.0,1.0,0.000,0.0,0.0,0.333,2.0,1.0,3.0,0.0,0.0,0.0,0.0,2.0,2.0,-25.0,1.2
40,40,40,Chris Boucher,1.0,TOR,3.0,10.0,0.300,1.0,4.0,0.250,3.0,4.0,0.300,3.0,9.0,12.0,1.0,1.0,2.0,0.0,3.0,10.0,4.0,10.5
41,41,41,Chris Duarte,3.0,IND/SAC,2.0,5.33,0.375,0.67,2.67,0.250,0.33,0.67,0.375,0.33,2.0,2.33,0.67,0.67,0.0,1.0,1.33,5.0,4.0,2.37
42,42,42,Chris Kaman,1.0,LAL,11.0,24.0,0.458,0.0,0.0,0.000,3.0,3.0,0.458,4.0,10.0,14.0,4.0,1.0,3.0,3.0,3.0,25.0,-5.0,20.1
43,43,43,Christian Wood,1.0,HOU,8.0,15.0,0.533,4.0,7.0,0.571,6.0,6.0,0.533,0.0,8.0,8.0,0.0,2.0,1.0,2.0,5.0,26.0,5.0,19.8
44,44,44,Cory Joseph,1.0,SAC,4.0,8.0,0.500,1.0,2.0,0.500,0.0,0.0,0.500,0.0,4.0,4.0,4.0,0.0,2.0,1.0,2.0,9.0,11.0,8.6
45,45,45,D.J. Augustin,3.0,HOU/ORL,4.33,5.67,0.765,2.33,2.33,1.000,4.0,4.67,0.765,0.0,2.0,2.0,4.67,0.0,0.0,2.33,2.33,15.0,8.0,13.1
46,46,46,Dalano Banton,1.0,TOR,1.0,2.0,0.500,0.0,0.0,0.000,2.0,2.0,0.500,1.0,2.0,3.0,1.0,0.0,0.0,0.0,2.0,4.0,5.0,4.2
47,47,47,Damian Jones,7.0,UTA/ATL/SAC,3.0,5.14,0.583,0.43,0.86,0.500,1.0,1.57,0.583,2.0,2.0,4.0,0.43,0.43,0.71,0.57,1.0,7.43,-4.57,7.06
48,48,48,Damyean Dotson,1.0,NYK,1.0,3.0,0.333,0.0,0.0,0.000,1.0,2.0,0.333,0.0,0.0,0.0,0.0,0.0,0.0,1.0,2.0,3.0,-2.0,-0.9
49,49,49,Daniel Theis,2.0,HOU/BOS,2.0,4.0,0.500,0.5,2.0,0.250,1.0,1.0,0.500,1.0,2.5,3.5,1.0,1.0,0.5,1.5,3.0,5.5,13.5,4.3
50,50,50,Dante Exum,2.0,UTA,2.5,5.0,0.500,1.5,4.0,0.375,0.5,1.0,0.500,1.0,0.0,1.0,1.0,1.5,0.0,0.5,2.0,7.0,6.5,5.9
51,51,51,Danuel House Jr.,1.0,PHI,2.0,3.0,0.667,2.0,2.0,1.000,0.0,0.0,0.667,0.0,0.0,0.0,0.0,0.0,0.0,0.0,0.0,6.0,10.0,4.7
52,52,52,David Roddy,1.0,MEM,1.0,4.0,0.250,0.0,3.0,0.000,0.0,0.0,0.250,0.0,3.0,3.0,1.0,0.0,0.0,0.0,0.0,2.0,11.0,1.2
53,53,53,David West,1.0,GSW,3.0,4.0,0.750,0.0,0.0,0.000,0.0,0.0,0.750,0.0,4.0,4.0,2.0,1.0,0.0,1.0,3.0,6.0,3.0,5.8
54,54,54,Davion Mitchell,16.0,SAC,2.69,8.0,0.336,0.75,3.31,0.226,0.69,0.94,0.336,0.44,1.19,1.62,3.12,0.62,0.25,0.88,1.56,6.81,-2.75,4.34
55,55,55,De'Aaron Fox,13.0,SAC,9.85,18.46,0.533,1.69,4.31,0.393,3.54,5.15,0.533,0.46,3.77,4.23,4.54,1.38,0.54,2.38,2.31,24.92,-1.0,18.38
56,56,56,De'Andre Hunter,1.0,ATL,2.0,7.0,0.286,0.0,2.0,0.000,0.0,0.0,0.286,0.0,2.0,2.0,2.0,0.0,0.0,1.0,1.0,4.0,-9.0,0.5
57,57,57,De'Anthony Melton,1.0,PHI,4.0,8.0,0.500,2.0,4.0,0.500,4.0,4.0,0.500,2.0,5.0,7.0,5.0,3.0,1.0,4.0,3.0,14.0,-4.0,14.9
58,58,58,DeAndre' Bembry,1.0,ATL,2.0,6.0,0.333,0.0,1.0,0.000,1.0,2.0,0.333,1.0,2.0,3.0,2.0,1.0,0.0,1.0,4.0,5.0,-3.0,2.3
59,59,59,DeMarre Carroll,1.0,ATL,3.0,9.0,0.333,0.0,4.0,0.000,4.0,5.0,0.333,1.0,6.0,7.0,3.0,1.0,0.0,2.0,2.0,10.0,1.0,7.3
60,60,60,Deandre Ayton,1.0,PHO,5.0,6.0,0.833,0.0,0.0,0.000,2.0,2.0,0.833,1.0,9.0,10.0,2.0,0.0,0.0,2.0,6.0,12.0,-6.0,10.2
61,61,61,Dejounte Murray,1.0,SAS,11.0,17.0,0.647,0.0,0.0,0.000,3.0,4.0,0.647,0.0,7.0,7.0,9.0,1.0,0.0,2.0,2.0,25.0,-9.0,23.7
62,62,62,Dennis Schröder,2.0,ATL/LAL,2.0,5.5,0.364,0.0,2.5,0.000,1.0,1.0,0.364,0.5,1.5,2.0,2.5,0.0,0.0,2.0,2.5,5.0,-14.5,1.5
63,63,63,Derrick Favors,4.0,UTA,3.75,7.75,0.484,0.25,0.5,0.500,2.5,4.75,0.484,3.0,6.5,9.5,0.75,0.75,1.75,0.75,2.5,10.25,-10.5,10.22
64,64,64,Derrick White,2.0,SAS/BOS,2.0,8.0,0.250,0.5,4.0,0.125,1.5,1.5,0.250,0.5,1.0,1.5,3.5,1.0,0.5,2.0,2.0,6.0,-4.0,2.85
65,65,65,Desmond Bane,1.0,MEM,11.0,18.0,0.611,6.0,8.0,0.750,3.0,4.0,0.611,1.0,5.0,6.0,4.0,0.0,0.0,1.0,2.0,31.0,13.0,25.6
66,66,66,Devin Booker,2.0,PHO,10.0,20.5,0.488,1.0,4.0,0.250,6.5,8.0,0.488,1.0,4.5,5.5,6.0,0.5,0.0,1.5,3.5,27.5,-10.5,20.4
67,67,67,Devin Vassell,1.0,SAS,5.0,7.0,0.714,1.0,3.0,0.333,0.0,0.0,0.714,0.0,2.0,2.0,1.0,0.0,1.0,2.0,1.0,11.0,-4.0,7.7
68,68,68,Devonte' Graham,2.0,NOP,3.0,7.0,0.429,2.0,5.5,0.364,1.0,1.0,0.429,0.5,1.0,1.5,4.0,0.0,0.5,1.0,1.5,9.0,0.0,7.5
69,69,69,Dewayne Dedmon,2.0,SAC/ORL,2.0,3.0,0.667,0.0,0.5,0.000,2.0,2.5,0.667,1.5,1.5,3.0,0.0,0.0,0.0,0.5,1.5,6.0,2.5,4.9
70,70,70,Diante Garrett,1.0,UTA,2.0,8.0,0.250,0.0,2.0,0.000,0.0,0.0,0.250,2.0,4.0,6.0,4.0,1.0,0.0,1.0,1.0,4.0,15.0,4.2
71,71,71,Didi Louzada,2.0,NOP/POR,1.0,3.0,0.333,0.5,2.5,0.200,0.0,0.0,0.333,1.0,0.0,1.0,0.5,0.0,0.5,0.0,0.5,2.5,0.5,2.0
72,72,72,Dillon Brooks,1.0,MEM,4.0,12.0,0.333,3.0,6.0,0.500,0.0,0.0,0.333,0.0,2.0,2.0,2.0,0.0,0.0,2.0,1.0,11.0,-7.0,3.8
73,73,73,Domantas Sabonis,12.0,IND/SAC,7.75,13.67,0.567,0.5,1.5,0.333,3.42,4.92,0.567,4.17,9.58,13.75,8.83,0.92,0.42,3.0,3.5,19.42,4.33,21.13
74,74,74,Donovan Mitchell,3.0,UTA,8.33,21.0,0.397,1.67,6.67,0.250,2.0,2.33,0.397,0.0,5.67,5.67,3.67,1.33,0.33,2.67,3.0,20.33,-2.0,10.8
75,75,75,Donte DiVincenzo,2.0,SAC,2.0,8.5,0.235,1.5,5.5,0.273,2.5,3.0,0.235,0.0,1.5,1.5,5.5,1.5,0.0,3.0,1.5,8.0,-5.5,4.85
76,76,76,Draymond Green,1.0,GSW,6.0,10.0,0.600,2.0,5.0,0.400,0.0,0.0,0.600,0.0,8.0,8.0,8.0,0.0,0.0,3.0,1.0,14.0,6.0,14.0
77,77,77,Drew Eubanks,3.0,SAS/PHO/POR,4.0,5.67,0.706,0.33,0.67,0.500,0.0,0.0,0.706,1.67,2.67,4.33,0.33,0.67,0.67,1.67,2.33,8.33,-11.0,6.7
78,78,78,Dwyane Wade,1.0,MIA,4.0,15.0,0.267,2.0,6.0,0.333,5.0,5.0,0.267,0.0,3.0,3.0,8.0,1.0,1.0,1.0,0.0,15.0,21.0,13.3
79,79,79,Ekpe Udoh,1.0,UTA,0.0,0.0,0.000,0.0,0.0,0.000,0.0,0.0,0.000,0.0,1.0,1.0,1.0,1.0,0.0,0.0,1.0,0.0,-19.0,1.6
80,80,80,Elfrid Payton,2.0,PHO/ORL,1.0,5.5,0.182,0.0,0.5,0.000,2.0,2.5,0.182,1.5,1.5,3.0,6.5,1.5,1.0,2.0,0.5,4.0,-6.0,6.4
81,81,81,Elton Brand,1.0,ATL,3.0,5.0,0.600,0.0,0.0,0.000,0.0,0.0,0.600,1.0,4.0,5.0,0.0,0.0,1.0,0.0,0.0,6.0,6.0,6.3
82,82,82,Emmanuel Mudiay,1.0,NYK,5.0,8.0,0.625,0.0,1.0,0.000,2.0,4.0,0.625,1.0,0.0,1.0,2.0,0.0,0.0,2.0,3.0,12.0,-21.0,6.5
83,83,83,Enes Freedom,3.0,UTA/NYK,5.33,11.67,0.457,0.0,0.33,0.000,2.0,2.0,0.457,4.33,7.67,12.0,1.0,0.0,0.33,2.67,1.67,12.67,0.67,9.57
84,84,84,Eric Gordon,2.0,HOU/PHO,3.0,5.5,0.545,2.0,4.0,0.500,0.0,0.0,0.545,0.0,3.5,3.5,1.5,0.0,0.5,0.0,1.0,8.0,-13.0,7.4
85,85,85,Eric Paschall,1.0,UTA,0.0,0.0,0.000,0.0,0.0,0.000,0.0,0.0,0.000,0.0,1.0,1.0,0.0,0.0,0.0,0.0,0.0,0.0,-1.0,0.3
86,86,86,Evan Fournier,3.0,ORL,6.33,13.33,0.475,2.0,6.67,0.300,4.0,4.67,0.475,0.67,3.0,3.67,4.33,0.67,0.33,2.0,4.0,18.67,10.67,13.3
87,87,87,Frank Ntilikina,1.0,NYK,0.0,1.0,0.000,0.0,0.0,0.000,0.0,0.0,0.000,0.0,2.0,2.0,2.0,1.0,0.0,0.0,2.0,0.0,10.0,1.5
88,88,88,Fred VanVleet,1.0,TOR,5.0,14.0,0.357,2.0,7.0,0.286,1.0,1.0,0.357,2.0,1.0,3.0,6.0,2.0,0.0,7.0,3.0,13.0,23.0,4.9
89,89,89,Garrett Temple,1.0,NOP,4.0,12.0,0.333,1.0,6.0,0.167,3.0,4.0,0.333,3.0,5.0,8.0,2.0,0.0,2.0,1.0,1.0,12.0,-4.0,9.8
90,90,90,Garrison Mathews,1.0,HOU,0.0,4.0,0.000,0.0,3.0,0.000,0.0,0.0,0.000,0.0,4.0,4.0,0.0,0.0,0.0,0.0,2.0,0.0,-5.0,-2.4
91,91,91,Gary Trent Jr.,1.0,TOR,8.0,17.0,0.471,5.0,11.0,0.455,2.0,2.0,0.471,0.0,4.0,4.0,1.0,0.0,1.0,1.0,4.0,23.0,23.0,14.3
92,92,92,Georges Niang,1.0,PHI,7.0,12.0,0.583,3.0,5.0,0.600,0.0,0.0,0.583,2.0,4.0,6.0,1.0,0.0,0.0,2.0,1.0,17.0,21.0,12.3
93,93,93,Giannis Antetokounmpo,1.0,MIL,19.0,28.0,0.679,2.0,2.0,1.000,6.0,7.0,0.679,1.0,11.0,12.0,4.0,1.0,0.0,5.0,2.0,46.0,15.0,35.6
94,94,94,Goga Bitadze,1.0,IND,0.0,1.0,0.000,0.0,1.0,0.000,0.0,0.0,0.000,0.0,0.0,0.0,0.0,0.0,0.0,0.0,2.0,0.0,-1.0,-1.5
95,95,95,Gordon Hayward,3.0,UTA/CHO,6.33,13.0,0.487,1.67,3.0,0.556,3.0,3.67,0.487,0.67,4.67,5.33,3.67,1.0,0.0,2.67,2.67,17.33,5.0,12.2
96,96,96,Grant Williams,1.0,BOS,2.0,6.0,0.333,2.0,5.0,0.400,1.0,2.0,0.333,0.0,3.0,3.0,3.0,0.0,0.0,0.0,5.0,7.0,17.0,4.2
97,97,97,Grayson Allen,2.0,MIL/PHO,3.5,8.0,0.438,2.5,5.0,0.500,0.0,0.0,0.438,1.0,2.5,3.5,1.5,1.5,0.5,2.0,1.5,9.5,-11.5,7.05
98,98,98,Greg Brown III,1.0,POR,3.0,5.0,0.600,3.0,5.0,0.600,0.0,0.0,0.600,0.0,3.0,3.0,3.0,0.0,1.0,2.0,2.0,9.0,-12.0,7.6
99,99,99,Harrison Barnes,18.0,SAC,4.44,10.22,0.435,1.61,4.5,0.358,4.83,6.0,0.435,0.94,3.5,4.44,2.61,0.72,0.11,1.33,1.5,15.33,-0.56,11.89
100,100,100,Harry Giles,1.0,SAC,1.0,2.0,0.500,0.0,0.0,0.000,2.0,2.0,0.500,0.0,1.0,1.0,0.0,0.0,1.0,0.0,1.0,4.0,2.0,3.6
101,101,101,Hassan Whiteside,2.0,UTA/MIA,7.0,11.0,0.636,0.0,0.0,0.000,2.5,5.0,0.636,4.5,10.5,15.0,1.0,0.5,2.0,0.5,3.5,16.5,3.0,17.6
102,102,102,Herbert Jones,1.0,NOP,1.0,6.0,0.167,0.0,1.0,0.000,0.0,0.0,0.167,0.0,1.0,1.0,5.0,4.0,1.0,1.0,3.0,2.0,7.0,4.5
103,103,103,Ian Clark,1.0,UTA,2.0,8.0,0.250,1.0,5.0,0.200,0.0,0.0,0.250,1.0,1.0,2.0,4.0,0.0,0.0,1.0,1.0,5.0,-5.0,2.6
104,104,104,Isaiah Briscoe,2.0,ORL,0.0,0.0,0.000,0.0,0.0,0.000,0.0,0.0,0.000,0.0,0.5,0.5,1.5,0.0,0.0,0.0,1.5,0.0,-2.0,0.6
105,105,105,Isaiah Joe,3.0,OKC,5.0,11.0,0.455,5.0,10.0,0.500,0.0,0.0,0.455,0.67,3.33,4.0,0.67,0.33,0.0,0.33,1.0,15.0,9.33,10.83
106,106,106,Ish Wainright,1.0,PHO,0.0,0.0,0.000,0.0,0.0,0.000,0.0,0.0,0.000,0.0,0.0,0.0,0.0,0.0,0.0,0.0,0.0,0.0,0.0,0.0
107,107,107,Ivica Zubac,1.0,LAC,4.0,7.0,0.571,0.0,0.0,0.000,2.0,2.0,0.571,1.0,7.0,8.0,1.0,0.0,1.0,1.0,3.0,10.0,4.0,8.7
108,108,108,JT Thor,1.0,CHO,1.0,1.0,1.000,0.0,0.0,0.000,0.0,0.0,1.000,1.0,2.0,3.0,0.0,0.0,0.0,0.0,0.0,2.0,-2.0,3.0
109,109,109,Ja Morant,1.0,MEM,8.0,18.0,0.444,1.0,3.0,0.333,5.0,5.0,0.444,1.0,4.0,5.0,6.0,0.0,0.0,3.0,1.0,22.0,2.0,15.3
110,110,110,JaMychal Green,1.0,MEM,5.0,9.0,0.556,0.0,0.0,0.000,1.0,4.0,0.556,3.0,7.0,10.0,3.0,0.0,1.0,0.0,4.0,11.0,-2.0,10.9
111,111,111,JaVale McGee,4.0,LAL/PHO/GSW/SAC,3.5,5.25,0.667,0.0,0.25,0.000,2.0,2.75,0.667,2.0,1.25,3.25,0.25,0.0,1.0,0.75,2.75,9.0,-1.25,7.22
112,112,112,Jabari Parker,1.0,ATL,11.0,18.0,0.611,1.0,5.0,0.200,2.0,2.0,0.611,4.0,4.0,8.0,2.0,1.0,1.0,0.0,2.0,25.0,-5.0,23.1
113,113,113,Jae Crowder,3.0,UTA/PHO/MIL,3.33,9.0,0.370,1.67,5.0,0.333,1.33,1.33,0.370,1.0,3.33,4.33,2.67,1.0,0.0,1.67,2.0,9.67,-4.0,6.8
114,114,114,Jae'Sean Tate,1.0,HOU,7.0,13.0,0.538,1.0,4.0,0.250,2.0,3.0,0.538,5.0,5.0,10.0,8.0,2.0,1.0,1.0,5.0,17.0,-6.0,20.6
115,115,115,Jahmi'us Ramsey,3.0,SAC,1.0,2.0,0.500,0.33,0.67,0.500,0.0,0.0,0.500,0.0,0.33,0.33,0.67,0.33,0.0,0.33,0.67,2.33,3.33,1.63
116,116,116,Jake LaRavia,1.0,MEM,5.0,6.0,0.833,3.0,4.0,0.750,0.0,0.0,0.833,2.0,7.0,9.0,1.0,1.0,0.0,0.0,5.0,13.0,24.0,14.0
117,117,117,Jakob Poeltl,1.0,SAS,2.0,10.0,0.200,0.0,0.0,0.000,0.0,0.0,0.200,5.0,3.0,8.0,3.0,1.0,2.0,1.0,3.0,4.0,-11.0,4.5
118,118,118,Jalen Green,1.0,HOU,5.0,18.0,0.278,1.0,6.0,0.167,0.0,0.0,0.278,1.0,1.0,2.0,4.0,0.0,0.0,0.0,1.0,11.0,-15.0,3.8
119,119,119,Jalen McDaniels,1.0,CHO,1.0,5.0,0.200,0.0,4.0,0.000,4.0,4.0,0.200,1.0,2.0,3.0,2.0,0.0,2.0,2.0,2.0,6.0,3.0,4.2
120,120,120,Jalen Williams,3.0,OKC,7.0,14.0,0.500,1.33,4.0,0.333,2.0,2.0,0.500,1.0,3.33,4.33,2.0,2.67,0.33,3.0,3.0,17.33,-2.0,12.13
121,121,121,James Johnson,1.0,MIA,4.0,10.0,0.400,1.0,2.0,0.500,0.0,0.0,0.400,1.0,1.0,2.0,2.0,1.0,1.0,2.0,2.0,9.0,-16.0,4.9
122,122,122,Jarell Martin,2.0,MEM/ORL,1.0,2.0,0.500,0.0,0.0,0.000,2.5,3.0,0.500,1.0,2.5,3.5,0.5,0.0,0.0,0.5,1.0,4.5,4.5,4.2
123,123,123,Jarrell Brantley,1.0,UTA,5.0,8.0,0.625,3.0,5.0,0.600,0.0,0.0,0.625,1.0,1.0,2.0,1.0,0.0,1.0,1.0,2.0,13.0,2.0,10.0
124,124,124,Jason Smith,1.0,ORL,0.0,1.0,0.000,0.0,0.0,0.000,0.0,0.0,0.000,0.0,0.0,0.0,0.0,0.0,0.0,0.0,3.0,0.0,-5.0,-1.9
125,125,125,Jaxson Hayes,2.0,NOP,3.0,5.5,0.545,0.5,1.5,0.333,2.5,3.0,0.545,1.0,0.5,1.5,0.0,0.5,1.5,0.0,0.5,9.0,0.0,8.35
126,126,126,Jaylen Brown,1.0,BOS,11.0,18.0,0.611,3.0,5.0,0.600,5.0,8.0,0.611,1.0,2.0,3.0,0.0,2.0,0.0,2.0,2.0,30.0,-5.0,21.1
127,127,127,Jaylin Williams,3.0,OKC,2.0,4.67,0.429,0.67,1.67,0.400,1.67,2.33,0.429,0.33,5.33,5.67,3.67,1.0,0.0,0.33,1.67,6.33,1.33,8.0
128,128,128,Jayson Tatum,1.0,BOS,12.0,16.0,0.750,7.0,10.0,0.700,1.0,1.0,0.750,0.0,5.0,5.0,4.0,0.0,0.0,2.0,1.0,32.0,40.0,27.5
129,129,129,Jeff Teague,1.0,ATL,9.0,17.0,0.529,2.0,4.0,0.500,6.0,7.0,0.529,0.0,4.0,4.0,8.0,3.0,0.0,0.0,0.0,26.0,24.0,27.1
130,130,130,Jeremy Evans,1.0,UTA,7.0,10.0,0.700,0.0,0.0,0.000,0.0,0.0,0.700,3.0,2.0,5.0,0.0,3.0,2.0,0.0,3.0,14.0,21.0,15.7
131,131,131,Jeremy Lamb,2.0,IND/SAC,1.0,4.0,0.250,0.5,1.5,0.333,1.0,1.0,0.250,0.5,3.0,3.5,1.5,0.0,0.0,0.5,0.0,3.5,-5.0,2.9
132,132,132,Jerian Grant,2.0,ORL,0.5,2.5,0.200,0.5,2.0,0.250,0.0,0.0,0.200,0.5,1.0,1.5,1.5,0.5,0.0,1.0,1.5,1.5,0.5,0.55
133,133,133,Jevon Carter,1.0,MIL,2.0,5.0,0.400,1.0,4.0,0.250,0.0,0.0,0.400,0.0,1.0,1.0,0.0,0.0,0.0,0.0,1.0,5.0,-14.0,2.2
134,134,134,Jock Landale,1.0,SAS,1.0,2.0,0.500,1.0,1.0,1.000,4.0,4.0,0.500,1.0,1.0,2.0,0.0,1.0,0.0,1.0,1.0,7.0,7.0,6.6
135,135,135,Joe Ingles,4.0,UTA,3.0,6.75,0.444,1.75,3.5,0.500,0.0,0.0,0.444,0.0,3.0,3.0,3.75,1.25,0.5,2.0,2.0,7.75,3.25,6.55
136,136,136,Joe Johnson,1.0,UTA,1.0,4.0,0.250,0.0,1.0,0.000,0.0,0.0,0.250,0.0,1.0,1.0,1.0,0.0,0.0,1.0,1.0,2.0,-11.0,-0.8
137,137,137,Johnny Juzang,1.0,UTA,1.0,5.0,0.200,0.0,3.0,0.000,0.0,0.0,0.200,1.0,1.0,2.0,0.0,0.0,0.0,0.0,0.0,2.0,-4.0,-0.1
138,138,138,Jonas Valančiūnas,2.0,NOP,6.5,12.0,0.542,1.0,2.5,0.400,2.5,3.0,0.542,3.0,8.0,11.0,3.0,2.0,0.0,3.0,2.5,16.5,8.0,15.1
139,139,139,Jonathan Isaac,2.0,ORL,4.5,7.0,0.643,1.0,2.5,0.400,1.5,2.0,0.643,1.0,3.5,4.5,2.0,1.0,3.0,1.0,1.0,11.5,3.5,13.05
140,140,140,Jonathon Simmons,2.0,ORL,4.0,9.5,0.421,0.0,2.0,0.000,2.5,3.0,0.421,0.5,3.5,4.0,4.0,0.5,0.0,0.0,2.0,10.5,2.0,9.15
141,141,141,Jordan Bell,1.0,GSW,2.0,6.0,0.333,0.0,0.0,0.000,1.0,3.0,0.333,2.0,11.0,13.0,7.0,1.0,0.0,1.0,4.0,5.0,17.0,8.8
142,142,142,Jordan Clarkson,1.0,UTA,5.0,13.0,0.385,3.0,7.0,0.429,3.0,4.0,0.385,2.0,2.0,4.0,3.0,0.0,0.0,1.0,2.0,16.0,20.0,10.8
143,143,143,Jordan Farmar,1.0,MEM,1.0,5.0,0.200,0.0,3.0,0.000,0.0,0.0,0.200,0.0,0.0,0.0,3.0,1.0,0.0,2.0,1.0,2.0,-7.0,-0.4
144,144,144,Jordan Goodwin,1.0,PHO,1.0,6.0,0.167,0.0,1.0,0.000,1.0,2.0,0.167,2.0,1.0,3.0,0.0,1.0,0.0,1.0,2.0,3.0,5.0,-0.3
145,145,145,Jordan Hill,1.0,LAL,2.0,6.0,0.333,0.0,0.0,0.000,3.0,4.0,0.333,0.0,1.0,1.0,0.0,0.0,0.0,0.0,2.0,7.0,-20.0,2.7
146,146,146,Jose Alvarado,2.0,NOP,1.5,1.5,1.000,0.0,0.0,0.000,0.0,0.0,1.000,0.5,1.0,1.5,1.5,2.0,0.0,1.0,0.5,3.0,2.0,5.05
147,147,147,Josh Christopher,1.0,HOU,3.0,6.0,0.500,0.0,1.0,0.000,0.0,0.0,0.500,1.0,1.0,2.0,2.0,1.0,0.0,3.0,0.0,6.0,-2.0,3.4
148,148,148,Josh Giddey,3.0,OKC,7.67,14.0,0.548,0.33,2.67,0.125,0.33,0.33,0.548,1.67,4.67,6.33,5.33,0.0,0.33,3.33,1.33,16.0,-4.0,11.93
149,149,149,Josh Hart,2.0,LAL/NOP,4.5,9.0,0.500,2.0,4.0,0.500,0.0,0.0,0.500,0.0,2.5,2.5,1.5,0.0,1.0,0.5,2.0,11.0,-11.5,7.7
150,150,150,Josh Jackson,1.0,SAC,0.0,2.0,0.000,0.0,1.0,0.000,0.0,0.0,0.000,0.0,0.0,0.0,0.0,0.0,0.0,0.0,0.0,0.0,-9.0,-1.4
151,151,151,Josh Richardson,1.0,MIA,4.0,16.0,0.250,2.0,6.0,0.333,6.0,6.0,0.250,1.0,2.0,3.0,4.0,0.0,0.0,4.0,2.0,16.0,-13.0,5.7
152,152,152,Jrue Holiday,1.0,MIL,4.0,9.0,0.444,1.0,5.0,0.200,2.0,3.0,0.444,1.0,5.0,6.0,8.0,1.0,1.0,1.0,2.0,11.0,23.0,13.6
153,153,153,Juan Toscano-Anderson,2.0,UTA/SAC,0.5,1.0,0.500,0.0,0.5,0.000,0.0,0.0,0.500,0.0,1.0,1.0,0.5,0.0,0.0,0.5,0.5,1.0,-4.0,0.45
154,154,154,Justin Champagnie,1.0,TOR,0.0,1.0,0.000,0.0,0.0,0.000,0.0,0.0,0.000,0.0,0.0,0.0,0.0,0.0,0.0,0.0,1.0,0.0,-4.0,-1.1
155,155,155,Justin Holiday,3.0,IND/SAC,4.0,9.0,0.444,3.0,7.33,0.409,1.0,1.67,0.444,0.67,1.33,2.0,1.33,0.67,0.67,1.33,2.33,12.0,-10.0,7.7
156,156,156,Justin Robinson,1.0,SAC,0.0,3.0,0.000,0.0,1.0,0.000,0.0,0.0,0.000,0.0,1.0,1.0,0.0,0.0,0.0,0.0,1.0,0.0,-3.0,-2.2
157,157,157,Justise Winslow,1.0,MIA,4.0,9.0,0.444,1.0,2.0,0.500,0.0,0.0,0.444,0.0,5.0,5.0,1.0,2.0,1.0,4.0,3.0,9.0,14.0,4.0
158,158,158,KJ Martin,1.0,HOU,1.0,8.0,0.125,0.0,3.0,0.000,0.0,0.0,0.125,1.0,5.0,6.0,0.0,0.0,0.0,2.0,0.0,2.0,-12.0,-3.0
159,159,159,KZ Okpala,4.0,SAC,0.25,1.0,0.250,0.25,0.75,0.333,0.0,0.0,0.250,0.25,0.75,1.0,0.25,0.0,0.0,0.25,0.25,0.75,-0.25,0.38
160,160,160,Keegan Murray,9.0,SAC,6.44,11.89,0.542,3.33,7.44,0.448,2.0,2.44,0.542,1.44,4.11,5.56,1.0,0.56,0.56,1.22,2.33,18.22,3.11,14.03
161,161,161,Keita Bates-Diop,1.0,SAS,3.0,3.0,1.000,1.0,1.0,1.000,0.0,0.0,1.000,0.0,4.0,4.0,0.0,0.0,2.0,0.0,1.0,7.0,10.0,8.3
162,162,162,Kelan Martin,1.0,IND,0.0,1.0,0.000,0.0,1.0,0.000,0.0,0.0,0.000,0.0,0.0,0.0,0.0,0.0,0.0,0.0,0.0,0.0,-6.0,-0.7
163,163,163,Keldon Johnson,1.0,SAS,5.0,14.0,0.357,2.0,5.0,0.400,4.0,4.0,0.357,2.0,9.0,11.0,1.0,2.0,0.0,2.0,2.0,16.0,-9.0,12.2
164,164,164,Keljin Blevins,1.0,POR,2.0,6.0,0.333,2.0,4.0,0.500,0.0,0.0,0.333,1.0,3.0,4.0,0.0,1.0,0.0,1.0,3.0,6.0,-4.0,3.0
165,165,165,Kelly Olynyk,2.0,UTA/MIA,5.5,10.0,0.550,1.5,4.0,0.375,4.0,5.0,0.550,1.0,7.0,8.0,5.5,1.0,0.5,2.5,1.5,16.5,3.5,16.2
166,166,166,Kelly Oubre Jr.,1.0,CHO,12.0,25.0,0.480,3.0,8.0,0.375,4.0,6.0,0.480,1.0,8.0,9.0,1.0,1.0,1.0,4.0,2.0,31.0,1.0,18.2
167,167,167,Kendall Marshall,1.0,LAL,3.0,13.0,0.231,0.0,3.0,0.000,1.0,1.0,0.231,1.0,2.0,3.0,7.0,3.0,0.0,4.0,1.0,7.0,-13.0,3.9
168,168,168,Kennedy Chandler,1.0,MEM,0.0,0.0,0.000,0.0,0.0,0.000,0.0,0.0,0.000,0.0,0.0,0.0,0.0,0.0,0.0,0.0,0.0,0.0,0.0,0.0
169,169,169,Kenneth Lofton Jr.,1.0,MEM,0.0,0.0,0.000,0.0,0.0,0.000,0.0,0.0,0.000,0.0,0.0,0.0,0.0,0.0,0.0,0.0,0.0,0.0,0.0,0.0
170,170,170,Kenrich Williams,2.0,OKC,2.0,7.0,0.286,1.0,5.0,0.200,0.5,2.0,0.286,2.0,3.0,5.0,4.0,0.5,0.0,1.0,1.5,5.5,-5.0,4.8
171,171,171,Kent Bazemore,1.0,ATL,2.0,6.0,0.333,1.0,3.0,0.333,0.0,0.0,0.333,0.0,3.0,3.0,0.0,0.0,0.0,0.0,2.0,5.0,-8.0,1.7
172,172,172,Kentavious Caldwell-Pope,1.0,LAL,3.0,9.0,0.333,0.0,3.0,0.000,4.0,4.0,0.333,3.0,1.0,4.0,0.0,0.0,0.0,0.0,3.0,10.0,-6.0,6.1
173,173,173,Keon Ellis,2.0,SAC,1.0,5.5,0.182,0.5,4.5,0.111,2.0,3.0,0.182,1.0,2.5,3.5,1.5,0.5,2.0,0.5,3.0,4.5,0.5,3.35
174,174,174,Keon Johnson,1.0,POR,2.0,5.0,0.400,1.0,2.0,0.500,2.0,3.0,0.400,0.0,2.0,2.0,4.0,0.0,1.0,2.0,5.0,7.0,-18.0,4.0
175,175,175,Kessler Edwards,4.0,SAC,0.25,1.5,0.167,0.0,0.75,0.000,0.5,0.5,0.167,0.0,1.0,1.0,0.75,0.25,0.0,0.25,0.5,1.0,-1.5,0.68
176,176,176,Kevin Durant,2.0,PHO/GSW,8.0,12.0,0.667,2.0,3.0,0.667,6.5,7.0,0.667,0.0,6.5,6.5,3.0,0.5,1.5,4.5,1.5,24.5,4.0,19.6
177,177,177,Kevin Huerter,10.0,ATL/SAC,6.7,12.9,0.519,3.3,7.4,0.446,1.4,1.8,0.519,0.8,3.1,3.9,3.0,1.0,0.2,0.7,2.7,18.1,6.2,14.54
178,178,178,Kevin Knox,1.0,NYK,2.0,8.0,0.250,0.0,3.0,0.000,0.0,0.0,0.250,1.0,1.0,2.0,0.0,0.0,0.0,1.0,3.0,4.0,-17.0,-2.0
179,179,179,Kevin Porter Jr.,1.0,HOU,7.0,16.0,0.438,1.0,7.0,0.143,1.0,1.0,0.438,2.0,5.0,7.0,8.0,2.0,0.0,2.0,1.0,16.0,-11.0,15.7
180,180,180,Kevon Looney,1.0,GSW,0.0,0.0,0.000,0.0,0.0,0.000,0.0,0.0,0.000,0.0,0.0,0.0,0.0,0.0,0.0,1.0,2.0,0.0,-3.0,-1.8
181,181,181,Khem Birch,2.0,TOR/ORL,2.0,3.5,0.571,0.0,0.5,0.000,1.0,2.0,0.571,2.0,2.5,4.5,0.5,2.0,1.0,0.0,1.5,5.0,7.5,7.55
182,182,182,Khris Middleton,1.0,MIL,9.0,15.0,0.600,5.0,8.0,0.625,8.0,8.0,0.600,0.0,3.0,3.0,9.0,0.0,0.0,0.0,2.0,31.0,5.0,30.5
183,183,183,Kira Lewis Jr.,1.0,NOP,6.0,9.0,0.667,2.0,3.0,0.667,0.0,0.0,0.667,0.0,2.0,2.0,0.0,0.0,0.0,3.0,2.0,14.0,-14.0,6.9
184,184,184,Klay Thompson,1.0,GSW,5.0,12.0,0.417,3.0,5.0,0.600,2.0,2.0,0.417,0.0,0.0,0.0,1.0,0.0,1.0,2.0,1.0,15.0,14.0,7.6
185,185,185,Kris Dunn,2.0,UTA/POR,4.5,10.0,0.450,0.5,1.0,0.500,1.0,2.0,0.450,0.5,4.0,4.5,6.5,1.0,0.0,3.0,1.0,10.5,-3.0,8.6
186,186,186,Kyle Korver,2.0,ATL/UTA,2.0,5.5,0.364,1.0,4.0,0.250,1.0,1.0,0.364,1.5,3.5,5.0,1.0,0.5,0.0,1.0,3.0,6.0,5.0,4.05
187,187,187,Kyle Kuzma,1.0,LAL,3.0,10.0,0.300,1.0,4.0,0.250,1.0,2.0,0.300,0.0,6.0,6.0,0.0,0.0,2.0,5.0,2.0,8.0,-7.0,-0.8
188,188,188,LaMelo Ball,1.0,CHO,9.0,19.0,0.474,5.0,10.0,0.500,0.0,0.0,0.474,1.0,4.0,5.0,12.0,0.0,0.0,2.0,6.0,23.0,3.0,19.2
189,189,189,Lance Stephenson,2.0,MEM/LAL,5.0,10.0,0.500,0.5,1.5,0.333,4.5,5.0,0.500,0.5,4.5,5.0,3.0,1.0,0.5,1.0,1.0,15.0,-3.0,13.55
190,190,190,Landry Shamet,1.0,PHO,7.0,11.0,0.636,5.0,9.0,0.556,2.0,3.0,0.636,0.0,2.0,2.0,1.0,1.0,1.0,1.0,3.0,21.0,3.0,16.5
191,191,191,Larry Nance Jr.,1.0,NOP,4.0,6.0,0.667,0.0,1.0,0.000,0.0,0.0,0.667,1.0,3.0,4.0,0.0,0.0,1.0,0.0,1.0,8.0,4.0,7.3
192,192,192,LeBron James,2.0,LAL,10.5,19.5,0.538,3.5,6.0,0.583,5.5,7.0,0.538,0.0,5.5,5.5,5.0,1.5,0.5,3.5,1.5,30.0,-1.5,22.85
193,193,193,Lindy Waters III,2.0,OKC,0.0,1.5,0.000,0.0,1.5,0.000,0.0,0.0,0.000,0.0,0.0,0.0,1.0,0.0,0.0,0.0,1.5,0.0,-2.5,-0.95
194,194,194,Lonnie Walker IV,2.0,SAS/LAL,5.5,11.5,0.478,2.5,4.5,0.556,0.0,0.0,0.478,1.0,1.0,2.0,3.5,0.0,0.0,0.5,1.5,13.5,-9.0,10.0
195,195,195,Lonzo Ball,1.0,LAL,0.0,5.0,0.000,0.0,3.0,0.000,0.0,0.0,0.000,0.0,5.0,5.0,4.0,2.0,1.0,3.0,4.0,0.0,-9.0,-1.1
196,196,196,Luguentz Dort,2.0,OKC,3.5,9.0,0.389,2.5,4.0,0.625,2.0,2.0,0.389,1.0,3.5,4.5,2.0,2.0,0.5,1.0,5.0,11.5,-7.0,9.1
197,197,197,Luke Kennard,1.0,LAC,4.0,11.0,0.364,1.0,4.0,0.250,2.0,2.0,0.364,0.0,1.0,1.0,0.0,0.0,0.0,0.0,0.0,11.0,15.0,5.2
198,198,198,Malachi Flynn,1.0,TOR,0.0,0.0,0.000,0.0,0.0,0.000,0.0,0.0,0.000,0.0,0.0,0.0,1.0,0.0,0.0,0.0,0.0,0.0,-2.0,0.7
199,199,199,Malik Fitts,1.0,BOS,1.0,1.0,1.000,1.0,1.0,1.000,0.0,0.0,1.000,0.0,1.0,1.0,0.0,0.0,0.0,0.0,0.0,3.0,8.0,3.0
200,200,200,Malik Monk,9.0,SAC,3.0,8.33,0.360,1.0,4.11,0.243,1.22,1.78,0.360,0.11,1.78,1.89,4.33,0.67,0.89,1.67,1.89,8.22,-3.78,5.88
201,201,201,Marcus Morris,1.0,LAC,4.0,7.0,0.571,1.0,1.0,1.000,0.0,0.0,0.571,0.0,5.0,5.0,2.0,1.0,0.0,0.0,5.0,9.0,2.0,7.6
202,202,202,Marcus Smart,1.0,BOS,3.0,9.0,0.333,2.0,5.0,0.400,1.0,2.0,0.333,1.0,3.0,4.0,8.0,4.0,0.0,1.0,2.0,9.0,-2.0,12.9
203,203,203,Mario Hezonja,1.0,ORL,2.0,4.0,0.500,1.0,3.0,0.333,0.0,0.0,0.500,0.0,0.0,0.0,2.0,2.0,0.0,2.0,1.0,5.0,17.0,4.0
204,204,204,Marvin Bagley III,2.0,SAC,6.5,12.0,0.542,0.0,2.0,0.000,2.0,3.5,0.542,2.5,7.0,9.5,1.0,0.0,1.0,0.5,1.0,15.0,4.0,12.95
205,205,205,Marvin Williams,1.0,UTA,4.0,8.0,0.500,1.0,2.0,0.500,0.0,0.0,0.500,3.0,4.0,7.0,1.0,0.0,0.0,1.0,0.0,9.0,-4.0,8.0
206,206,206,Mason Plumlee,1.0,CHO,7.0,8.0,0.875,0.0,0.0,0.000,1.0,2.0,0.875,0.0,4.0,4.0,3.0,0.0,3.0,1.0,3.0,15.0,-4.0,15.0
207,207,207,Matisse Thybulle,1.0,PHI,1.0,1.0,1.000,0.0,0.0,0.000,0.0,0.0,1.000,0.0,2.0,2.0,0.0,0.0,0.0,0.0,3.0,2.0,3.0,1.1
208,208,208,Matt Barnes,1.0,MEM,8.0,17.0,0.471,5.0,10.0,0.500,3.0,3.0,0.471,0.0,6.0,6.0,1.0,0.0,1.0,4.0,4.0,24.0,-13.0,12.9
209,209,209,Matthew Dellavedova,2.0,SAC,1.0,2.5,0.400,0.5,1.5,0.333,0.0,0.0,0.400,0.0,1.0,1.0,1.0,0.5,0.0,0.0,1.5,2.5,1.5,2.05
210,210,210,Maurice Harkless,5.0,SAC,0.6,2.4,0.250,0.2,2.0,0.100,0.2,0.6,0.250,0.0,2.2,2.2,1.0,1.6,0.2,0.4,2.0,1.6,0.0,1.9
211,211,211,Michael Beasley,1.0,LAL,3.0,6.0,0.500,0.0,1.0,0.000,1.0,1.0,0.500,1.0,0.0,1.0,0.0,1.0,0.0,0.0,4.0,7.0,5.0,4.1
212,212,212,Mikal Bridges,1.0,PHO,9.0,18.0,0.500,2.0,6.0,0.333,7.0,8.0,0.500,0.0,2.0,2.0,1.0,2.0,0.0,0.0,1.0,27.0,0.0,20.5
213,213,213,Mike Conley,1.0,UTA,7.0,10.0,0.700,3.0,4.0,0.750,0.0,0.0,0.700,0.0,1.0,1.0,2.0,0.0,0.0,2.0,1.0,17.0,1.0,12.1
214,214,214,Mike Muscala,2.0,OKC,3.5,7.5,0.467,2.5,6.0,0.417,0.0,0.0,0.467,0.0,3.0,3.0,1.0,0.5,0.0,0.5,1.0,9.5,-3.5,6.85
215,215,215,Mike Scott,1.0,ATL,3.0,8.0,0.375,1.0,4.0,0.250,1.0,2.0,0.375,1.0,0.0,1.0,1.0,0.0,0.0,1.0,0.0,8.0,-16.0,3.6
216,216,216,Mitchell Robinson,1.0,NYK,0.0,1.0,0.000,0.0,0.0,0.000,0.0,0.0,0.000,2.0,0.0,2.0,0.0,1.0,0.0,0.0,5.0,0.0,-3.0,-0.3
217,217,217,Miye Oni,1.0,UTA,0.0,0.0,0.000,0.0,0.0,0.000,0.0,0.0,0.000,0.0,0.0,0.0,0.0,0.0,0.0,0.0,0.0,0.0,-1.0,0.0
218,218,218,Mo Bamba,2.0,ORL,2.5,6.0,0.417,0.0,2.5,0.000,1.0,1.0,0.417,0.5,1.0,1.5,1.5,0.0,1.0,1.0,3.0,6.0,1.5,3.0
219,219,219,Montrezl Harrell,1.0,PHI,7.0,8.0,0.875,0.0,0.0,0.000,3.0,5.0,0.875,5.0,2.0,7.0,2.0,0.0,1.0,0.0,2.0,17.0,-1.0,18.8
220,220,220,Moritz Wagner,1.0,LAL,0.0,1.0,0.000,0.0,1.0,0.000,0.0,0.0,0.000,0.0,0.0,0.0,0.0,0.0,0.0,0.0,0.0,0.0,2.0,-0.7
221,221,221,Myles Turner,1.0,IND,4.0,10.0,0.400,2.0,5.0,0.400,2.0,2.0,0.400,2.0,13.0,15.0,3.0,1.0,5.0,1.0,5.0,12.0,22.0,15.5
222,222,222,Naji Marshall,2.0,NOP,1.5,3.0,0.500,0.5,1.5,0.333,3.0,3.0,0.500,1.0,2.0,3.0,1.5,0.5,0.5,1.0,0.5,6.5,-2.5,7.0
223,223,223,Nassir Little,1.0,PHO,3.0,8.0,0.375,0.0,3.0,0.000,0.0,0.0,0.375,0.0,0.0,0.0,0.0,1.0,0.0,1.0,3.0,6.0,0.0,0.4
224,224,224,Neemias Queta,2.0,SAC,1.0,3.0,0.333,0.0,0.0,0.000,0.0,0.0,0.333,2.0,1.5,3.5,0.0,0.0,0.5,0.5,1.0,2.0,-7.0,1.6
225,225,225,Nemanja Bjelica,1.0,SAC,5.0,7.0,0.714,3.0,4.0,0.750,0.0,0.0,0.714,0.0,0.0,0.0,3.0,1.0,0.0,1.0,2.0,13.0,-2.0,11.4
226,226,226,Nick Richards,1.0,CHO,6.0,9.0,0.667,0.0,0.0,0.000,2.0,3.0,0.667,5.0,6.0,11.0,2.0,1.0,0.0,1.0,3.0,14.0,10.0,15.2
227,227,227,Nick Young,1.0,GSW,6.0,9.0,0.667,3.0,4.0,0.750,0.0,0.0,0.667,0.0,1.0,1.0,1.0,0.0,0.0,0.0,1.0,15.0,10.0,11.7
228,228,228,Nickeil Alexander-Walker,1.0,NOP,7.0,16.0,0.438,1.0,6.0,0.167,1.0,2.0,0.438,1.0,3.0,4.0,4.0,1.0,0.0,3.0,4.0,16.0,-6.0,8.0
229,229,229,Nicolas Batum,1.0,LAC,3.0,3.0,1.000,1.0,1.0,1.000,0.0,0.0,1.000,1.0,4.0,5.0,3.0,2.0,1.0,1.0,5.0,7.0,-3.0,9.8
230,230,230,Nik Stauskas,1.0,BOS,0.0,0.0,0.000,0.0,0.0,0.000,0.0,0.0,0.000,0.0,0.0,0.0,0.0,0.0,0.0,0.0,0.0,0.0,8.0,0.0
231,231,231,Nikola Vučević,3.0,ORL,11.67,19.0,0.614,1.33,2.67,0.500,5.0,6.0,0.614,3.67,8.0,11.67,4.0,1.33,1.0,3.0,2.0,29.67,12.67,26.63
232,232,232,Noah Vonleh,1.0,NYK,2.0,5.0,0.400,1.0,1.0,1.000,2.0,2.0,0.400,2.0,7.0,9.0,1.0,0.0,1.0,2.0,4.0,7.0,-4.0,5.6
233,233,233,Norman Powell,1.0,LAC,1.0,10.0,0.100,0.0,2.0,0.000,2.0,2.0,0.100,0.0,3.0,3.0,4.0,0.0,0.0,2.0,0.0,4.0,-1.0,-0.9
234,234,234,Ochai Agbaji,1.0,UTA,8.0,15.0,0.533,3.0,7.0,0.429,1.0,2.0,0.533,1.0,2.0,3.0,4.0,0.0,3.0,1.0,0.0,20.0,-10.0,17.5
235,235,235,Omri Casspi,1.0,GSW,5.0,5.0,1.000,0.0,0.0,0.000,0.0,0.0,1.000,0.0,4.0,4.0,2.0,1.0,0.0,2.0,1.0,10.0,7.0,9.7
236,236,236,Ousmane Dieng,1.0,OKC,0.0,1.0,0.000,0.0,1.0,0.000,0.0,0.0,0.000,0.0,1.0,1.0,1.0,0.0,0.0,0.0,1.0,0.0,0.0,-0.1
237,237,237,P.J. Tucker,1.0,PHI,0.0,1.0,0.000,0.0,1.0,0.000,0.0,0.0,0.000,1.0,2.0,3.0,0.0,0.0,0.0,0.0,3.0,0.0,-14.0,-0.6
238,238,238,P.J. Washington,1.0,CHO,1.0,6.0,0.167,1.0,4.0,0.250,0.0,0.0,0.167,1.0,8.0,9.0,2.0,0.0,1.0,0.0,5.0,3.0,-5.0,2.4
239,239,239,Pascal Siakam,1.0,TOR,10.0,12.0,0.833,3.0,3.0,1.000,9.0,10.0,0.833,0.0,8.0,8.0,1.0,0.0,2.0,4.0,3.0,32.0,19.0,26.5
240,240,240,Pat Connaughton,1.0,MIL,1.0,3.0,0.333,0.0,2.0,0.000,0.0,0.0,0.333,0.0,3.0,3.0,1.0,0.0,0.0,1.0,2.0,2.0,-1.0,0.1
241,241,241,Patrick Beverley,1.0,LAL,2.0,3.0,0.667,2.0,3.0,0.667,1.0,2.0,0.667,0.0,1.0,1.0,5.0,0.0,0.0,3.0,3.0,7.0,1.0,4.9
242,242,242,Patrick Christopher,1.0,UTA,0.0,1.0,0.000,0.0,0.0,0.000,0.0,0.0,0.000,1.0,0.0,1.0,0.0,0.0,0.0,1.0,0.0,0.0,-11.0,-1.0
243,243,243,Patrick McCaw,1.0,GSW,7.0,10.0,0.700,1.0,3.0,0.333,3.0,4.0,0.700,1.0,3.0,4.0,0.0,1.0,0.0,1.0,0.0,18.0,17.0,15.0
244,244,244,Paul George,1.0,LAC,16.0,31.0,0.516,3.0,10.0,0.300,5.0,5.0,0.516,2.0,4.0,6.0,6.0,2.0,1.0,4.0,2.0,40.0,-4.0,29.4
245,245,245,Paul Millsap,1.0,ATL,2.0,11.0,0.182,1.0,3.0,0.333,10.0,10.0,0.182,3.0,8.0,11.0,4.0,0.0,0.0,2.0,4.0,15.0,22.0,11.8
246,246,246,Paul Reed,1.0,PHI,4.0,6.0,0.667,0.0,0.0,0.000,1.0,2.0,0.667,4.0,3.0,7.0,0.0,0.0,1.0,1.0,4.0,9.0,2.0,7.8
247,247,247,Payton Pritchard,1.0,BOS,5.0,5.0,1.000,4.0,4.0,1.000,0.0,0.0,1.000,1.0,4.0,5.0,8.0,1.0,0.0,0.0,0.0,14.0,31.0,21.0
248,248,248,Precious Achiuwa,1.0,TOR,3.0,5.0,0.600,0.0,0.0,0.000,0.0,0.0,0.600,1.0,4.0,5.0,2.0,0.0,0.0,1.0,1.0,6.0,0.0,5.6
249,249,249,Raul Neto,1.0,UTA,1.0,1.0,1.000,0.0,0.0,0.000,0.0,0.0,1.000,0.0,0.0,0.0,1.0,0.0,0.0,0.0,0.0,2.0,-4.0,2.4
250,250,250,Reggie Jackson,1.0,LAC,4.0,5.0,0.800,3.0,3.0,1.000,3.0,3.0,0.800,0.0,2.0,2.0,5.0,1.0,0.0,3.0,2.0,14.0,0.0,13.4
251,251,251,Reggie Perry,1.0,POR,6.0,11.0,0.545,0.0,2.0,0.000,3.0,4.0,0.545,4.0,2.0,6.0,0.0,0.0,0.0,1.0,5.0,15.0,-3.0,9.7
252,252,252,Richard Jefferson,1.0,UTA,0.0,4.0,0.000,0.0,2.0,0.000,2.0,2.0,0.000,0.0,1.0,1.0,2.0,0.0,0.0,0.0,0.0,2.0,-13.0,0.9
253,253,253,Richaun Holmes,9.0,SAC,2.56,4.33,0.590,0.0,0.11,0.000,1.44,1.56,0.590,1.22,3.22,4.44,0.33,0.0,0.56,0.33,2.22,6.56,-5.44,5.72
254,254,254,Ricky Rubio,2.0,UTA,7.0,13.0,0.538,1.0,3.0,0.333,1.5,1.5,0.538,0.0,3.5,3.5,4.0,1.5,0.0,2.0,2.0,16.5,2.5,12.75
255,255,255,Robert Covington,1.0,LAC,2.0,3.0,0.667,0.0,1.0,0.000,4.0,4.0,0.667,0.0,7.0,7.0,2.0,2.0,0.0,1.0,2.0,8.0,-3.0,10.4
256,256,256,Robert Sacre,1.0,LAL,2.0,4.0,0.500,0.0,0.0,0.000,0.0,0.0,0.500,1.0,2.0,3.0,0.0,0.0,1.0,1.0,1.0,4.0,-10.0,2.6
257,257,257,Robert Williams,1.0,BOS,2.0,3.0,0.667,0.0,0.0,0.000,0.0,0.0,0.667,1.0,3.0,4.0,1.0,0.0,1.0,1.0,3.0,4.0,11.0,3.5
258,258,258,Robert Woodard II,1.0,SAC,0.0,0.0,0.000,0.0,0.0,0.000,0.0,0.0,0.000,0.0,0.0,0.0,0.0,0.0,0.0,0.0,0.0,0.0,4.0,0.0
259,259,259,Rodney Hood,1.0,UTA,9.0,20.0,0.450,2.0,5.0,0.400,6.0,8.0,0.450,2.0,3.0,5.0,0.0,3.0,0.0,1.0,1.0,26.0,-22.0,18.7
260,260,260,Rodney McGruder,1.0,MIA,0.0,1.0,0.000,0.0,0.0,0.000,0.0,0.0,0.000,0.0,0.0,0.0,0.0,0.0,0.0,0.0,0.0,0.0,-14.0,-0.7
261,261,261,Royce O'Neale,3.0,UTA,2.0,4.67,0.429,1.33,3.33,0.400,1.33,2.0,0.429,1.0,2.33,3.33,2.33,0.0,0.33,0.67,1.67,6.67,6.67,5.87
262,262,262,Rudy Gay,1.0,UTA,1.0,4.0,0.250,1.0,3.0,0.333,0.0,0.0,0.250,0.0,6.0,6.0,1.0,0.0,0.0,1.0,1.0,3.0,11.0,1.7
263,263,263,Rudy Gobert,3.0,UTA,5.33,8.0,0.667,0.0,0.33,0.000,4.0,5.67,0.667,4.33,8.67,13.0,2.0,0.67,2.67,1.33,2.33,14.67,12.33,17.83
264,264,264,Rui Hachimura,1.0,LAL,5.0,7.0,0.714,1.0,1.0,1.000,3.0,4.0,0.714,1.0,5.0,6.0,0.0,0.0,0.0,1.0,0.0,14.0,-11.0,11.9
265,265,265,Russell Westbrook,1.0,LAL,10.0,19.0,0.526,4.0,7.0,0.571,3.0,6.0,0.526,0.0,4.0,4.0,8.0,2.0,1.0,6.0,1.0,27.0,4.0,19.6
266,266,266,Ryan Hollins,1.0,MEM,0.0,0.0,0.000,0.0,0.0,0.000,0.0,0.0,0.000,0.0,0.0,0.0,0.0,0.0,1.0,0.0,0.0,0.0,0.0,0.7
267,267,267,Ryan Kelly,1.0,LAL,1.0,1.0,1.000,0.0,0.0,0.000,1.0,3.0,1.000,1.0,0.0,1.0,0.0,0.0,1.0,0.0,0.0,3.0,-4.0,3.3
268,268,268,Saben Lee,1.0,PHO,2.0,8.0,0.250,0.0,3.0,0.000,2.0,2.0,0.250,1.0,2.0,3.0,4.0,1.0,1.0,1.0,2.0,6.0,11.0,5.2
269,269,269,Sam Hauser,1.0,BOS,1.0,1.0,1.000,1.0,1.0,1.000,0.0,0.0,1.000,0.0,2.0,2.0,0.0,0.0,0.0,1.0,0.0,3.0,9.0,2.3
270,270,270,Santi Aldama,1.0,MEM,2.0,6.0,0.333,0.0,4.0,0.000,0.0,0.0,0.333,0.0,2.0,2.0,1.0,2.0,2.0,0.0,4.0,4.0,1.0,3.7
271,271,271,Sasha Vezenkov,2.0,SAC,1.5,2.0,0.750,1.5,2.0,0.750,0.0,0.0,0.750,0.5,0.5,1.0,0.0,0.5,0.0,0.5,1.0,4.5,0.5,3.8
272,272,272,Scottie Barnes,1.0,TOR,1.0,8.0,0.125,0.0,0.0,0.000,0.0,0.0,0.125,1.0,6.0,7.0,6.0,1.0,1.0,0.0,2.0,2.0,2.0,4.4
273,273,273,Shai Gilgeous-Alexander,3.0,OKC,13.0,21.67,0.600,1.0,2.0,0.500,6.33,7.33,0.600,0.33,3.0,3.33,6.67,2.0,0.67,2.0,2.0,33.33,-5.0,28.43
274,274,274,Shake Milton,1.0,PHI,5.0,12.0,0.417,1.0,2.0,0.500,4.0,5.0,0.417,2.0,4.0,6.0,7.0,1.0,0.0,1.0,2.0,15.0,0.0,14.9
275,275,275,Shaun Livingston,1.0,GSW,4.0,7.0,0.571,0.0,0.0,0.000,0.0,0.0,0.571,0.0,2.0,2.0,3.0,2.0,1.0,1.0,0.0,8.0,7.0,9.1
276,276,276,Shawne Williams,1.0,LAL,4.0,8.0,0.500,2.0,4.0,0.500,1.0,2.0,0.500,1.0,5.0,6.0,0.0,0.0,2.0,0.0,3.0,11.0,-10.0,9.0
277,277,277,Simone Fontecchio,1.0,UTA,2.0,10.0,0.200,1.0,5.0,0.200,0.0,0.0,0.200,0.0,3.0,3.0,1.0,0.0,0.0,2.0,3.0,5.0,-4.0,-2.8
278,278,278,Steve Blake,1.0,LAL,2.0,11.0,0.182,1.0,4.0,0.250,0.0,0.0,0.182,2.0,3.0,5.0,8.0,2.0,0.0,1.0,2.0,5.0,-3.0,6.2
279,279,279,Steve Nash,1.0,LAL,1.0,4.0,0.250,0.0,2.0,0.000,0.0,0.0,0.250,0.0,1.0,1.0,2.0,0.0,0.0,0.0,0.0,2.0,-6.0,1.3
280,280,280,Steve Novak,1.0,UTA,0.0,0.0,0.000,0.0,0.0,0.000,0.0,0.0,0.000,0.0,0.0,0.0,0.0,0.0,0.0,0.0,0.0,0.0,-1.0,0.0
281,281,281,Steven Adams,1.0,MEM,6.0,9.0,0.667,0.0,0.0,0.000,0.0,3.0,0.667,7.0,4.0,11.0,4.0,0.0,0.0,4.0,4.0,12.0,2.0,10.2
282,282,282,Svi Mykhailiuk,2.0,LAL/TOR,2.5,5.5,0.455,1.5,4.0,0.375,1.5,1.5,0.455,0.5,0.5,1.0,0.0,0.5,0.5,0.5,2.0,8.0,6.5,5.2
283,283,283,T.J. McConnell,1.0,IND,8.0,13.0,0.615,0.0,0.0,0.000,2.0,3.0,0.615,1.0,6.0,7.0,4.0,1.0,0.0,4.0,2.0,18.0,0.0,13.2
284,284,284,Talen Horton-Tucker,1.0,UTA,3.0,10.0,0.300,1.0,3.0,0.333,2.0,2.0,0.300,0.0,2.0,2.0,4.0,0.0,1.0,2.0,1.0,9.0,-10.0,4.9
285,285,285,Terance Mann,1.0,LAC,2.0,3.0,0.667,0.0,0.0,0.000,1.0,2.0,0.667,1.0,1.0,2.0,1.0,0.0,0.0,0.0,2.0,5.0,0.0,4.2
286,286,286,Terence Davis,6.0,SAC,2.33,5.17,0.452,1.17,3.33,0.350,0.17,0.67,0.452,0.17,0.5,0.67,0.83,1.0,0.33,0.83,1.17,6.0,-1.33,3.9
287,287,287,Terrence Ross,2.0,ORL,4.0,9.0,0.444,2.0,4.5,0.444,1.5,1.5,0.444,0.0,3.0,3.0,0.5,0.0,0.5,1.5,3.0,11.5,0.0,5.7
288,288,288,Thabo Sefolosha,3.0,ATL/UTA,2.0,6.0,0.333,0.33,1.67,0.200,1.33,1.33,0.333,1.33,2.0,3.33,1.67,1.67,0.33,1.0,1.33,5.67,-9.33,5.33
289,289,289,Thomas Bryant,1.0,LAL,2.0,3.0,0.667,0.0,1.0,0.000,0.0,0.0,0.667,1.0,4.0,5.0,1.0,0.0,1.0,0.0,0.0,4.0,1.0,6.0
290,290,290,Théo Maledon,1.0,CHO,4.0,10.0,0.400,0.0,3.0,0.000,4.0,6.0,0.400,0.0,7.0,7.0,3.0,1.0,0.0,0.0,2.0,12.0,6.0,10.2
291,291,291,Tim Hardaway Jr.,1.0,NYK,9.0,20.0,0.450,5.0,10.0,0.500,9.0,10.0,0.450,1.0,1.0,2.0,2.0,3.0,0.0,1.0,2.0,32.0,-24.0,24.8
292,292,292,Tobias Harris,1.0,PHI,7.0,13.0,0.538,2.0,6.0,0.333,1.0,1.0,0.538,0.0,5.0,5.0,6.0,0.0,0.0,5.0,6.0,17.0,-3.0,9.0
293,293,293,Tomáš Satoranský,1.0,NOP,2.0,5.0,0.400,0.0,0.0,0.000,1.0,1.0,0.400,0.0,0.0,0.0,2.0,0.0,0.0,2.0,1.0,5.0,-7.0,1.3
294,294,294,Tony Allen,1.0,MEM,5.0,8.0,0.625,0.0,2.0,0.000,0.0,0.0,0.625,3.0,2.0,5.0,1.0,0.0,0.0,1.0,0.0,10.0,-8.0,8.8
295,295,295,Torrey Craig,2.0,IND/PHO,2.0,4.5,0.444,0.0,1.0,0.000,0.0,0.0,0.444,1.5,6.0,7.5,1.0,1.5,0.0,1.5,3.0,4.0,1.0,4.0
296,296,296,Trae Young,1.0,ATL,12.0,22.0,0.545,3.0,10.0,0.300,3.0,3.0,0.545,2.0,0.0,2.0,12.0,5.0,0.0,5.0,0.0,30.0,-6.0,29.2
297,297,297,Tre Jones,1.0,SAS,0.0,0.0,0.000,0.0,0.0,0.000,0.0,0.0,0.000,0.0,3.0,3.0,4.0,0.0,0.0,1.0,0.0,0.0,8.0,2.7
298,298,298,Tre Mann,2.0,OKC,0.5,1.5,0.333,0.0,0.0,0.000,0.0,0.0,0.333,0.0,0.5,0.5,0.0,0.0,0.0,0.5,0.5,1.0,-1.0,-0.4
299,299,299,Trent Forrest,1.0,UTA,1.0,1.0,1.000,0.0,0.0,0.000,0.0,0.0,1.000,0.0,1.0,1.0,0.0,0.0,0.0,0.0,0.0,2.0,2.0,2.0
300,300,300,Trevor Ariza,1.0,SAC,5.0,7.0,0.714,4.0,6.0,0.667,0.0,0.0,0.714,0.0,2.0,2.0,0.0,2.0,0.0,3.0,4.0,14.0,12.0,9.1
301,301,301,Trevor Booker,1.0,UTA,4.0,9.0,0.444,2.0,3.0,0.667,0.0,0.0,0.444,4.0,5.0,9.0,1.0,0.0,0.0,2.0,1.0,10.0,3.0,7.9
302,302,302,Trey Burke,3.0,UTA/NYK,5.33,16.67,0.320,0.67,7.0,0.095,4.33,5.0,0.320,1.0,2.33,3.33,5.0,1.67,0.33,1.67,2.33,15.67,-3.67,10.07
303,303,303,Trey Lyles,8.0,SAC,1.88,5.25,0.357,1.25,3.25,0.385,1.88,2.12,0.357,0.62,3.25,3.88,1.25,0.25,0.25,0.38,1.38,6.88,-2.5,5.64
304,304,304,Trey Murphy III,2.0,NOP,1.5,5.5,0.273,1.0,3.5,0.286,1.0,1.0,0.273,1.0,4.0,5.0,1.5,0.5,0.0,1.0,1.0,5.0,-4.5,3.8
305,305,305,Tristan Thompson,3.0,SAC,1.33,3.33,0.400,0.0,0.0,0.000,0.0,0.0,0.400,1.0,1.67,2.67,0.33,0.33,0.67,1.0,2.0,2.67,-1.33,1.3
306,306,306,Troy Brown Jr.,1.0,LAL,4.0,6.0,0.667,1.0,2.0,0.500,0.0,0.0,0.667,1.0,5.0,6.0,1.0,1.0,0.0,0.0,1.0,9.0,9.0,9.9
307,307,307,Tyrese Haliburton,6.0,SAC,6.33,11.67,0.543,2.0,4.83,0.414,1.67,2.0,0.543,1.0,2.83,3.83,5.5,2.67,0.5,1.67,2.5,16.33,-4.83,16.32
308,308,308,Tyrese Maxey,1.0,PHI,12.0,29.0,0.414,2.0,8.0,0.250,6.0,6.0,0.414,0.0,3.0,3.0,6.0,0.0,0.0,2.0,2.0,32.0,-4.0,18.8
309,309,309,Tyrone Wallace,1.0,ATL,1.0,2.0,0.500,0.0,0.0,0.000,0.0,0.0,0.500,0.0,1.0,1.0,0.0,0.0,0.0,0.0,0.0,2.0,-6.0,1.3
310,310,310,Tyson Chandler,1.0,LAL,1.0,1.0,1.000,0.0,0.0,0.000,0.0,0.0,1.000,0.0,3.0,3.0,0.0,0.0,0.0,1.0,1.0,2.0,-12.0,1.2
311,311,311,Tyus Jones,1.0,MEM,6.0,11.0,0.545,1.0,4.0,0.250,1.0,1.0,0.545,0.0,2.0,2.0,5.0,0.0,0.0,1.0,1.0,14.0,18.0,11.4
312,312,312,Udoka Azubuike,2.0,UTA/PHO,3.0,3.5,0.857,0.0,0.0,0.000,0.5,1.0,0.857,4.0,4.5,8.5,1.5,0.0,0.5,1.0,2.0,6.5,-1.5,8.8
313,313,313,Victor Oladipo,1.0,ORL,9.0,18.0,0.500,0.0,4.0,0.000,4.0,5.0,0.500,2.0,3.0,5.0,2.0,3.0,1.0,0.0,4.0,22.0,2.0,18.4
314,314,314,Vince Carter,2.0,MEM/ATL,4.0,5.5,0.727,0.5,1.0,0.500,0.5,1.5,0.727,0.5,2.5,3.0,1.0,0.5,0.5,0.5,2.5,9.0,-3.5,7.5
315,315,315,Walker Kessler,1.0,UTA,14.0,16.0,0.875,0.0,0.0,0.000,3.0,6.0,0.875,4.0,7.0,11.0,2.0,1.0,1.0,1.0,4.0,31.0,-2.0,29.6
316,316,316,Wayne Ellington,1.0,MIA,4.0,13.0,0.308,4.0,9.0,0.444,0.0,0.0,0.308,2.0,5.0,7.0,1.0,1.0,0.0,0.0,4.0,12.0,-2.0,7.5
317,317,317,Wes Iwundu,2.0,ORL,0.0,1.0,0.000,0.0,1.0,0.000,1.0,1.0,0.000,0.5,0.5,1.0,1.5,0.0,1.0,0.5,1.5,1.0,12.5,1.45
318,318,318,Wesley Johnson,1.0,LAL,7.0,14.0,0.500,1.0,3.0,0.333,0.0,0.0,0.500,0.0,6.0,6.0,0.0,0.0,0.0,2.0,3.0,15.0,-14.0,6.6
319,319,319,Willy Hernangómez,1.0,NOP,2.0,2.0,1.000,0.0,0.0,0.000,4.0,4.0,1.000,0.0,2.0,2.0,1.0,0.0,0.0,0.0,2.0,8.0,-11.0,7.9
320,320,320,Xavier Munford,1.0,MEM,4.0,8.0,0.500,1.0,1.0,1.000,1.0,2.0,0.500,0.0,2.0,2.0,1.0,2.0,0.0,3.0,3.0,10.0,-5.0,4.7
321,321,321,Yuta Watanabe,1.0,PHO,1.0,4.0,0.250,0.0,3.0,0.000,0.0,0.0,0.250,0.0,2.0,2.0,0.0,0.0,0.0,0.0,2.0,2.0,5.0,-0.6
322,322,322,Zach Randolph,1.0,MEM,5.0,15.0,0.333,1.0,2.0,0.500,4.0,6.0,0.333,2.0,5.0,7.0,7.0,0.0,0.0,1.0,3.0,15.0,-1.0,11.3
323,323,323,Zaza Pachulia,1.0,GSW,2.0,2.0,1.000,0.0,0.0,0.000,1.0,1.0,1.000,0.0,1.0,1.0,2.0,1.0,0.0,2.0,0.0,5.0,5.0,5.1
